Player,Mat,Inns,Balls,Runs,Wkts,BBI,Ave,Econ,SR,4,5
M Muralitharan,350,341,18811,12326,534,7/30,23.08,3.93,35.2,15,10
Wasim Akram,356,351,18186,11812,502,5/15,23.52,3.89,36.2,17,6
Waqar Younis,262,258,12698,9919,416,7/36,23.84,4.68,30.5,14,13
WPUJC Vaas,322,320,15775,11014,400,8/19,27.53,4.18,39.4,9,4
Shahid Afridi,398,372,17670,13632,395,7/12,34.51,4.62,44.7,4,9
SM Pollock,303,297,15712,9631,393,6/35,24.5,3.67,39.9,12,5
GD McGrath,250,248,12970,8391,381,7/15,22.02,3.88,34,9,7
B Lee,221,217,11185,8877,380,5/22,23.36,4.76,29.4,14,9
SL Malinga,226,220,10936,9760,338,6/38,28.87,5.35,32.3,11,8
A Kumble,271,265,14496,10412,337,6/12,30.89,4.3,43,8,2
ST Jayasuriya,445,368,14874,11871,323,6/29,36.75,4.78,46,8,4
J Srinath,229,227,11935,8847,315,5/23,28.08,4.44,37.8,7,3
DL Vettori,295,277,14060,9674,305,5/7,31.71,4.12,46,8,2
SK Warne,194,191,10642,7541,293,5/33,25.73,4.25,36.3,12,1
AB Agarkar,191,188,9484,8021,288,6/42,27.85,5.07,32.9,10,2
Saqlain Mushtaq,169,165,8770,6275,288,5/20,21.78,4.29,30.4,11,6
Z Khan,200,197,10097,8301,282,5/42,29.43,4.93,35.8,7,1
JH Kallis,328,283,10750,8680,273,5/30,31.79,4.84,39.3,2,2
AA Donald,164,162,8561,5926,272,6/23,21.78,4.15,31.4,11,2
Abdul Razzaq,265,254,10941,8564,269,6/35,31.83,4.69,40.6,8,3
JM Anderson,194,191,9584,7861,269,5/23,29.22,4.92,35.6,11,2
Harbhajan Singh,236,227,12479,8973,269,5/31,33.35,4.31,46.3,2,3
Mashrafe Mortaza,217,217,10789,8759,266,6/26,32.92,4.87,40.5,7,1
M Ntini,173,171,8687,6559,266,6/22,24.65,4.53,32.6,8,4
Shakib Al Hasan,206,203,10517,7857,260,5/29,30.21,4.48,40.4,8,2
N Kapil Dev,225,221,11202,6945,253,5/43,27.45,3.71,44.2,3,1
Shoaib Akhtar,163,162,7764,6169,247,6/16,24.97,4.76,31.4,6,4
KD Mills,170,169,8230,6485,240,5/25,27.02,4.72,34.2,8,1
MG Johnson,153,150,7489,6038,239,6/31,25.26,4.83,31.3,9,3
HH Streak,189,185,9468,7129,239,5/32,29.82,4.51,39.6,7,1
D Gough,159,156,8470,6209,235,5/44,26.42,4.39,36,10,2
CA Walsh,205,204,10822,6918,227,5/1,30.47,3.83,47.6,6,1
CEL Ambrose,176,175,9353,5429,225,5/17,24.12,3.48,41.5,6,4
Abdur Razzak,153,152,7965,6065,207,5/29,29.29,4.56,38.4,5,4
CZ Harris,250,232,10667,7613,203,5/42,37.5,4.28,52.5,2,1
CJ McDermott,138,138,7461,5018,203,5/44,24.71,4.03,36.7,4,1
CL Cairns,215,186,8168,6594,201,5/42,32.8,4.84,40.6,3,1
DJ Bravo,164,150,6511,5874,199,6/43,29.51,5.41,32.7,6,1
KMDN Kulasekara,184,181,8263,6751,199,5/22,33.92,4.9,41.5,4,1
BKV Prasad,161,160,8129,6332,196,5/27,32.3,4.67,41.4,3,1
DW Steyn,125,124,6256,5087,196,6/39,25.95,4.87,31.9,4,3
SR Waugh,325,207,8883,6761,195,4/33,34.67,4.56,45.5,3,0
CL Hooper,227,203,9573,6958,193,4/34,36.05,4.36,49.6,3,0
L Klusener,171,164,7336,5751,192,6/49,29.95,4.7,38.2,1,6
M Morkel,117,114,5760,4761,188,5/21,25.32,4.95,30.6,7,2
CRD Fernando,147,141,6507,5648,187,6/27,30.2,5.2,34.7,3,1
TG Southee,140,138,7021,6373,186,7/33,34.26,5.44,37.7,4,3
Saeed Ajmal,113,112,6000,4182,184,5/24,22.72,4.18,32.6,6,2
Aaqib Javed,163,159,8012,5721,182,7/37,31.43,4.28,44,2,4
Imran Khan,175,153,7461,4844,182,6/14,26.61,3.89,40.9,3,1
RA Jadeja,159,155,8029,6552,181,5/36,36.19,4.89,44.3,7,1
Umar Gul,130,128,6064,5253,179,6/42,29.34,5.19,33.8,4,2
SCJ Broad,121,121,6109,5364,178,5/23,30.13,5.26,34.3,9,1
NW Bracken,116,116,5759,4240,174,5/47,24.36,4.41,33,5,2
Imran Tahir,107,104,5541,4297,173,7/45,24.83,4.65,32,7,3
JDP Oram,160,154,6911,5047,173,5/26,29.17,4.38,39.9,3,2
IK Pathan,120,118,5855,5142,173,5/27,29.72,5.26,33.8,5,2
MA Starc,85,85,4315,3611,172,6/28,20.99,5.02,25,11,7
NLTC Perera,161,152,5711,5556,171,6/44,32.49,5.83,33.3,5,4
A Flintoff,141,119,5624,4121,169,5/19,24.38,4.39,33.2,6,2
SR Watson,190,163,6466,5342,168,4/36,31.79,4.95,38.4,3,0
CH Gayle,301,199,7424,5926,167,5/46,35.48,4.78,44.4,3,1
TA Boult,89,89,4884,4111,164,7/34,25.06,5.05,29.7,7,5
Mushtaq Ahmed,144,142,7543,5361,161,5/36,33.29,4.26,46.8,3,1
Sir RJ Hadlee,115,112,6182,3407,158,5/25,21.56,3.3,39.1,1,5
Shoaib Malik,287,217,7958,6192,158,4/19,39.18,4.66,50.3,1,0
MD Marshall,136,134,7175,4233,157,4/18,26.96,3.53,45.7,6,0
A Nehra,120,120,5751,4981,157,6/23,31.72,5.19,36.6,5,2
M Prabhakar,130,127,6360,4534,157,5/33,28.87,4.27,40.5,4,2
GB Hogg,123,113,5564,4188,156,5/32,26.84,4.51,35.6,3,2
SR Tendulkar,463,270,8054,6850,154,5/32,44.48,5.1,52.2,4,2
BAW Mendis,87,84,4154,3324,152,6/13,21.86,4.8,27.3,7,3
UDU Chandana,147,136,6142,4818,151,5/61,31.9,4.7,40.6,4,1
R Ashwin,111,109,6021,4937,150,4/25,32.91,4.91,40.1,1,0
SE Bond,82,80,4295,3070,147,6/19,20.88,4.28,29.2,7,4
J Garner,98,98,5330,2752,146,5/31,18.84,3.09,36.5,2,3
IT Botham,116,115,6271,4139,145,4/31,28.54,3.96,43.2,3,0
TM Odoyo,136,129,5649,4335,145,4/25,29.89,4.6,38.9,5,0
AU Rashid,99,93,4851,4547,143,5/27,31.79,5.62,33.9,7,2
JN Gillespie,97,96,5144,3611,142,5/22,25.42,4.21,36.2,3,3
MA Holding,102,102,5473,3034,142,5/26,21.36,3.32,38.5,5,1
CR Woakes,99,95,4638,4327,142,6/45,30.47,5.59,32.6,9,3
EJ Chatfield,114,112,6065,3618,140,5/34,25.84,3.57,43.3,3,1
Mohammad Hafeez,218,177,7733,5400,139,4/41,38.84,4.18,55.6,1,0
HDPK Dharmasena,141,134,7009,4998,138,4/37,36.21,4.27,50.7,1,0
SB Styris,188,161,6114,4839,137,6/25,35.32,4.74,44.6,4,1
Mohammed Shami,73,72,3709,3400,136,5/69,25,5.5,27.2,8,1
MF Maharoof,109,105,4640,3789,135,6/14,28.06,4.89,34.3,4,2
LE Plunkett,89,87,4137,4010,135,5/52,29.7,5.81,30.6,6,1
DW Fleming,88,88,4619,3402,134,5/36,25.38,4.41,34.4,4,1
JO Holder,112,108,5179,4777,133,5/27,35.91,5.53,38.9,4,2
Rashid Khan,71,67,3558,2467,133,7/18,18.54,4.16,26.7,4,4
A Symonds,198,158,5935,4955,133,5/18,37.25,5,44.6,2,1
P Utseya,164,160,8571,6239,133,5/36,46.9,4.36,64.4,2,1
Abdul Qadir,104,100,5100,3454,132,5/44,26.16,4.06,38.6,4,2
B Kumar,114,113,5451,4568,132,5/42,34.6,5.02,41.2,4,1
M Dillon,108,107,5480,4218,130,5/29,32.44,4.61,42.1,3,3
Mohammad Nabi,124,120,5919,4231,130,4/30,32.54,4.28,45.5,3,0
RJ Shastri,150,136,6613,4650,129,5/15,36.04,4.21,51.2,2,1
JE Taylor,90,88,4341,3780,128,5/48,29.53,5.22,33.9,3,1
DK Morrison,96,95,4586,3470,126,5/34,27.53,4.53,36.3,1,2
Rubel Hossain,101,99,4540,4300,126,6/26,34.12,5.68,36,7,1
Mohammad Rafique,125,124,6414,4739,125,5/47,37.91,4.43,51.3,3,1
KAJ Roach,92,90,4459,3763,124,6/27,30.34,5.06,35.9,3,3
Azhar Mahmood,143,139,6242,4813,123,6/18,39.13,4.62,50.7,2,3
Mohammad Sami,87,85,4284,3567,121,5/10,29.47,4.99,35.4,3,1
AG Cremer,96,95,4680,3597,119,6/46,30.22,4.61,39.3,4,3
IR Bishop,84,83,4332,3127,118,5/25,26.5,4.33,36.7,7,2
IVA Richards,187,131,5644,4228,118,6/41,35.83,4.49,47.8,1,2
K Rabada,75,73,3842,3199,117,6/16,27.34,4.99,32.8,6,1
R Rampaul,92,88,4033,3434,117,5/49,29.35,5.1,34.4,8,2
Dawlat Zadran,82,80,3769,3423,115,4/22,29.76,5.44,32.7,3,0
PAJ DeFreitas,103,103,5712,3775,115,4/35,32.82,3.96,49.6,1,0
AD Mathews,214,155,5083,3907,115,6/20,33.97,4.61,44.2,1,1
I Sharma,80,78,3733,3563,115,4/34,30.98,5.72,32.4,6,0
Wahab Riaz,89,88,4209,4011,115,5/46,34.87,5.71,36.6,4,1
WJ Cronje,188,153,5357,3966,114,5/32,34.78,4.44,46.9,1,1
MC Snedden,93,90,4525,3237,114,4/34,28.39,4.29,39.6,1,0
GR Larsen,121,119,6368,4000,113,4/24,35.39,3.76,56.3,1,0
KJ O'Brien,142,113,4224,3672,113,4/13,32.49,5.21,37.3,5,0
PD Collingwood,197,151,5186,4294,111,6/31,38.68,4.96,46.7,3,1
Mudassar Nazar,122,104,4855,3432,111,5/28,30.91,4.24,43.7,1,1
Yuvraj Singh,304,161,5048,4294,111,5/31,38.68,5.1,45.4,2,1
Junaid Khan,76,76,3601,3216,110,4/12,29.23,5.35,32.7,4,0
Naved-ul-Hasan,74,72,3466,3221,110,6/27,29.28,5.57,31.5,6,1
DR Tuffey,94,92,4333,3534,110,4/24,32.12,4.89,39.3,2,0
TT Bresnan,85,84,4221,3813,109,5/48,34.98,5.42,38.7,3,1
GP Wickramasinghe,134,132,5720,4321,109,4/48,39.64,4.53,52.4,1,0
SP O'Donnell,87,87,4350,3102,108,5/13,28.72,4.27,40.2,5,1
DNT Zoysa,95,93,4259,3213,108,5/26,29.75,4.52,39.4,2,1
RAS Lakmal,85,83,3824,3478,107,4/13,32.5,5.45,35.7,3,0
Mustafizur Rahman,56,55,2813,2458,107,6/43,22.97,5.24,26.2,3,5
PA de Silva,308,156,5148,4177,106,4/30,39.4,4.86,48.5,2,0
TM Dilshan,330,204,5880,4778,106,4/4,45.07,4.87,55.4,3,0
A Nel,79,76,3801,2935,106,5/45,27.68,4.63,35.8,3,1
PR Reiffel,92,92,4732,3096,106,4/13,29.2,3.92,44.6,5,0
UT Yadav,75,73,3558,3565,106,4/31,33.63,6.01,33.5,4,0
GW Flower,221,156,5462,4225,104,4/32,40.62,4.64,52.5,2,0
WB Rankin,73,71,3600,2893,104,4/15,27.81,4.82,34.6,4,0
GP Swann,79,76,3809,2888,104,5/28,27.76,4.54,36.6,3,1
JJ Bumrah,58,58,3009,2254,103,5/27,21.88,4.49,29.2,5,1
DK Lillee,63,63,3593,2145,103,5/34,20.82,3.58,34.8,5,1
C Pringle,64,64,3314,2459,103,5/45,23.87,4.45,32.1,2,1
ST Finn,69,67,3550,2996,102,5/33,29.37,5.06,34.8,4,2
E Chigumbura,213,132,4339,4274,101,4/28,42.31,5.91,42.9,1,0
WKM Benjamin,85,85,4442,3079,100,5/22,30.79,4.15,44.4,0,1
SC Ganguly,311,171,4561,3849,100,5/16,38.49,5.06,45.6,1,2
RA Harper,105,99,5175,3431,100,4/40,34.31,3.97,51.7,3,0
CK Langeveldt,72,71,3489,2962,100,5/39,29.62,5.09,34.8,1,2
RW Price,102,99,5374,3575,100,4/22,35.75,3.99,53.7,1,0
NJ Astle,223,159,4850,3809,99,4/43,38.47,4.71,48.9,1,0
Kuldeep Yadav,56,54,2952,2455,99,6/25,24.79,4.98,29.8,4,1
CJ McKay,59,59,2965,2364,97,5/28,24.37,4.78,30.5,4,2
PL Taylor,83,80,3937,2740,97,4/38,28.24,4.17,40.5,1,0
N Boje,115,108,4541,3415,96,5/21,35.57,4.51,47.3,2,1
PJ Cummins,58,58,3033,2603,96,5/70,27.11,5.14,31.5,5,1
JP Faulkner,69,67,3211,2962,96,4/32,30.85,5.53,33.4,4,0
V Sehwag,251,146,4392,3853,96,4/6,40.13,5.26,45.7,1,0
PA Strang,95,89,4351,3173,96,5/21,33.05,4.37,45.3,2,2
TL Chatara,70,70,3431,2905,95,4/33,30.57,5.08,36.1,1,0
PS de Villiers,83,82,4422,2636,95,4/27,27.74,3.57,46.5,2,0
AJ Hall,88,78,3341,2515,95,5/18,26.47,4.51,35.1,3,1
WD Parnell,65,61,2911,2738,94,5/48,29.12,5.64,30.9,3,2
SO Tikolo,135,99,4016,3215,94,4/41,34.2,4.8,42.7,2,0
LL Tsotsobe,61,60,2964,2347,94,4/22,24.96,4.75,31.5,7,0
MJ Henry,52,50,2703,2437,92,5/30,26.48,5.4,29.3,7,2
SP Narine,65,65,3540,2435,92,6/27,26.46,4.12,38.4,4,2
AC Cummins,76,74,3767,2877,91,5/31,31.61,4.58,41.3,2,1
CB Mpofu,83,82,3900,3513,91,6/52,38.6,5.4,42.8,2,1
BP Patterson,59,58,3050,2206,90,6/29,24.51,4.33,33.8,1,1
BL Cairns,78,75,4015,2717,89,5/28,30.52,4.06,45.1,2,1
GH Dockrell,87,85,4232,3327,89,4/24,37.38,4.71,47.5,4,0
Saleem Malik,283,120,3505,2959,89,5/35,33.24,5.06,39.3,1,1
MN Samuels,207,134,5091,4127,89,3/12,46.37,4.86,57.2,0,0
TM Alderman,65,65,3371,2056,88,5/17,23.36,3.65,38.3,1,2
GF Lawson,79,79,4259,2592,88,4/26,29.45,3.65,48.3,1,0
GJ Whittall,147,112,4060,3481,88,4/35,39.55,5.14,46.1,1,0
AME Roberts,56,56,3123,1771,87,5/22,20.35,3.4,35.8,2,1
MM Patel,70,67,3154,2603,86,4/29,30.26,4.95,36.6,3,0
Aamer Sohail,156,125,4836,3703,85,4/22,43.56,4.59,56.8,1,0
YS Chahal,50,49,2659,2246,85,6/42,26.42,5.06,31.2,2,2
IJ Harvey,73,70,3279,2577,85,4/16,30.31,4.71,38.5,4,0
RM Hogg,71,67,3677,2418,85,4/29,28.44,3.94,43.2,5,0
JR Ratnayeke,78,76,3573,2866,85,4/23,33.71,4.81,42,1,0
ME Waugh,244,120,3687,2938,85,5/24,34.56,4.78,43.3,1,1
MM Ali,101,95,4654,4089,84,4/46,48.67,5.27,55.4,1,0
CD Collymore,84,80,4074,2924,83,5/51,35.22,4.3,49,1,1
Mohammad Irfan,60,60,3109,2549,83,4/30,30.71,4.91,37.4,2,0
PV Simmons,143,103,3880,2876,83,4/3,34.65,4.44,46.7,2,0
Hasan Ali,53,51,2548,2381,82,5/34,29.03,5.6,31,1,3
MJ McClenaghan,48,45,2336,2313,82,5/58,28.2,5.94,28.4,6,1
CG Rackemann,52,52,2791,1833,82,5/16,22.35,3.94,34,3,1
JEC Franklin,110,97,3848,3354,81,5/42,41.4,5.22,47.5,0,1
Mohammad Amir,61,60,3013,2400,81,5/30,29.62,4.77,37.1,1,1
DJG Sammy,126,119,4956,3851,81,4/26,47.54,4.66,61.1,1,0
RGD Willis,64,64,3595,1968,80,4/11,24.6,3.28,44.9,4,0
CR Matthews,56,55,3003,1975,79,4/10,25,3.94,38,3,0
A Ranatunga,269,135,4710,3757,79,4/14,47.55,4.78,59.6,1,0
AJ Bichel,67,66,3257,2463,78,7/20,31.57,4.53,41.7,1,2
IDR Bradshaw,62,62,3172,2299,78,3/15,29.47,4.34,40.6,0,0
PJ Ongondo,79,79,3102,2350,78,5/51,30.12,4.54,39.7,1,1
RMH Binny,72,67,2957,2260,77,4/29,29.35,4.58,38.4,3,0
Iftikhar Anjum,62,60,2960,2430,77,5/30,31.55,4.92,38.4,2,1
P Kumar,68,67,3242,2774,77,4/31,36.02,5.13,42.1,3,0
R McLaren,54,51,2403,2102,77,4/19,27.29,5.24,31.2,5,0
JE Emburey,61,61,3425,2346,76,4/37,30.86,4.1,45,2,0
SJ Harmison,58,57,2899,2481,76,5/33,32.64,5.13,38.1,2,1
RD King,50,50,2603,1807,76,4/25,23.77,4.16,34.2,2,0
Mahmudullah,185,134,4090,3527,76,3/4,46.4,5.17,53.8,0,0
RJ Ratnayake,70,70,3575,2712,76,5/32,35.68,4.55,47,1,1
GB Brent,70,69,3390,2776,75,4/22,37.01,4.91,45.2,3,0
RJ Peterson,79,74,3278,2680,75,4/12,35.73,4.9,43.7,3,0
S Sreesanth,53,52,2476,2508,75,6/55,33.44,6.07,33,2,1
HMRKB Herath,71,67,3242,2362,74,4/20,31.91,4.37,43.8,1,0
TJ Murtagh,58,57,3020,2290,74,5/21,30.94,4.54,40.8,4,1
W Watson,61,61,3251,2247,74,4/27,30.36,4.14,43.9,1,0
AR Border,273,87,2661,2071,73,3/20,28.36,4.66,36.4,0,0
RS Kalpage,86,81,3960,2975,73,4/36,40.75,4.5,54.2,2,0
S Madan Lal,67,64,3164,2137,73,4/20,29.27,4.05,43.3,2,0
J Botha,78,75,3823,2916,72,4/19,40.5,4.57,53,1,0
GS Chappell,74,67,3108,2097,72,5/15,29.12,4.04,43.1,0,2
JR Hazlewood,44,43,2294,1811,72,6/52,25.15,4.73,31.8,1,3
PL Symcox,80,80,3991,2762,72,4/28,38.36,4.15,55.4,1,0
DBL Powell,55,55,2850,2239,71,4/27,31.53,4.71,40.1,2,0
Sohail Tanvir,62,60,2949,2566,71,5/48,36.14,5.22,41.5,3,1
SC Williams,131,107,4080,3300,71,4/43,46.47,4.85,57.4,1,0
EA Brandes,59,59,2828,2266,70,5/28,32.37,4.8,40.4,1,2
BM McMillan,78,75,3623,2589,70,4/32,36.98,4.28,51.7,1,0
NN Odhiambo,69,67,2808,2585,70,4/61,36.92,5.52,40.1,1,0
AD Russell,56,55,2290,2229,70,4/35,31.84,5.84,32.7,5,0
BA Stokes,95,80,2912,2920,70,5/61,41.71,6.01,41.6,1,1
AR Caddick,54,53,2937,1965,69,4/19,28.47,4.01,42.5,3,0
JP Duminy,199,135,3513,3143,69,4/16,45.55,5.36,50.9,1,0
SB Joshi,69,67,3386,2509,69,5/6,36.36,4.44,49,1,1
MJ Santner,69,64,3079,2510,69,5/50,36.37,4.89,44.6,0,1
Shafiul Islam,59,59,2486,2453,69,4/21,35.55,5.92,36,4,0
RP Singh,58,57,2565,2343,69,4/35,33.95,5.48,37.1,2,0
RR Singh,136,117,3734,2985,69,5/22,43.26,4.79,54.1,0,2
CPH Ramanayake,62,62,2864,2049,68,4/17,30.13,4.29,42.1,1,0
HA Varaiya,63,60,2951,2048,68,4/25,30.11,4.16,43.3,2,0
MA Ealham,64,62,3227,2197,67,5/15,32.79,4.08,48.1,1,2
LH Ferguson,36,36,1902,1719,67,5/45,25.65,5.42,28.3,2,1
JR Hopes,84,75,3157,2384,67,5/14,35.58,4.53,47.1,0,1
MS Kasprowicz,43,42,2225,1674,67,5/45,24.98,4.51,33.2,1,2
Khaled Mahmud,77,75,3385,2865,67,4/19,42.76,5.07,50.5,1,0
C Sharma,65,63,2835,2336,67,3/22,34.86,4.94,42.3,0,0
DT Johnston,67,63,2930,2115,66,5/14,32.04,4.33,44.3,1,1
CC Lewis,53,49,2625,1942,66,4/30,29.42,4.43,39.7,4,0
Maninder Singh,59,57,3133,2066,66,4/22,31.3,3.95,47.4,1,0
T Panyangara,65,65,3242,3024,65,3/28,46.52,5.59,49.8,0,0
AL Phehlukwayo,52,50,2077,1936,65,4/22,29.78,5.59,31.9,3,0
C White,51,50,2364,1726,65,5/21,26.55,4.38,36.3,1,1
A Zampa,48,48,2480,2363,65,4/43,36.35,5.71,38.1,1,0
A Mishra,36,34,1917,1511,64,6/48,23.6,4.72,29.9,2,2
DJ Nash,81,78,3416,2622,64,4/38,40.96,4.6,53.3,1,0
SM Sharif,44,44,2129,1776,64,5/33,27.75,5,33.2,2,1
AR Cusack,59,52,1953,1510,63,5/20,23.96,4.63,31,1,1
NM Hauritz,58,56,2724,2152,63,4/29,34.15,4.74,43.2,2,0
NL McCullum,84,81,3536,2956,63,3/24,46.92,5.01,56.1,0,0
Mujeeb Ur Rahman,40,39,2153,1414,63,5/50,22.44,3.94,34.1,2,1
AD Mullally,50,49,2699,1728,63,4/18,27.42,3.84,42.8,2,0
SLV Raju,53,52,2770,2014,63,4/46,31.96,4.36,43.9,2,0
BA Reid,61,61,3250,2203,63,5/53,34.96,4.06,51.5,0,1
Sarfraz Nawaz,45,45,2412,1463,63,4/27,23.22,3.63,38.2,4,0
DE Bollinger,39,39,1942,1482,62,5/35,23.9,4.57,31.3,3,2
SW Tait,35,34,1688,1461,62,4/39,23.56,5.19,27.2,2,0
DT Hondo,56,56,2381,2171,61,4/37,35.59,5.47,39,3,0
DR Smith,105,73,2726,2285,61,5/45,37.45,5.02,44.6,3,1
Syed Rasel,52,52,2657,2051,61,4/22,33.62,4.63,43.5,1,0
MA Wood,51,50,2585,2385,61,4/33,39.09,5.53,42.3,2,0
CJ Anderson,49,43,1485,1502,60,5/63,25.03,6.06,24.7,2,1
FH Edwards,50,49,2138,1812,60,6/22,30.2,5.08,35.6,0,2
RM Haq,54,51,2633,1975,60,5/54,32.91,4.5,43.8,2,1
JC Tredwell,45,44,2104,1666,60,4/41,27.76,4.75,35,3,0
ALF de Mel,57,57,2735,2237,59,5/32,37.91,4.9,46.3,1,2
NA Foster,48,48,2627,1836,59,3/20,31.11,4.19,44.5,0,0
Gulbadin Naib,65,60,2194,1968,59,6/43,33.35,5.38,37.1,2,1
Hamid Hassan,38,37,1734,1330,59,5/45,22.54,4.6,29.3,2,1
JDS Neesham,59,55,1772,1814,59,5/31,30.74,6.14,30,2,1
Shadab Khan,43,41,2088,1750,59,4/28,29.66,5.02,35.3,3,0
Sikandar Raza,97,71,2846,2269,59,3/21,38.45,4.78,48.2,0,0
Tapash Baisya,56,56,2608,2452,59,4/16,41.55,5.64,44.2,2,0
KM Jarvis,49,49,2362,2088,58,4/17,36,5.3,40.7,2,0
HK Olonga,50,49,2059,1977,58,6/19,34.08,5.76,35.5,2,2
GC Small,53,53,2793,1942,58,4/31,33.48,4.17,48.1,1,0
Mudassar Bukhari,46,46,2036,1601,57,3/17,28.08,4.71,35.7,0,0
MJ Clarke,245,106,2585,2146,57,5/35,37.64,4.98,45.3,1,1
GRJ Matthews,59,54,2808,2004,57,3/27,35.15,4.28,49.2,0,0
DS Mohanty,45,44,1996,1662,57,4/56,29.15,4.99,35,1,0
T Mupariwa,40,40,2019,1690,57,4/39,29.64,5.02,35.4,3,0
Arshad Khan,58,56,2823,1948,56,4/33,34.78,4.14,50.4,1,0
R Telemachus,37,37,1918,1565,56,4/43,27.94,4.89,34.2,1,0
XJ Doherty,60,56,2792,2224,55,4/28,40.43,4.77,50.7,3,0
AF Giles,62,57,2856,2069,55,5/57,37.61,4.34,51.9,0,1
Tauseef Ahmed,70,67,3250,2247,55,4/38,40.85,4.14,59,1,0
RN ten Doeschate,33,33,1580,1327,55,4/31,24.12,5.03,28.7,3,0
JR Thomson,50,50,2696,1942,55,4/67,35.3,4.32,49,1,0
JV Coney,88,70,2931,2039,54,4/46,37.75,4.17,54.2,1,0
N Pradeep,42,40,1996,1998,54,4/31,37,6,36.9,2,0
HH Pandya,54,53,2368,2195,54,3/31,40.64,5.56,43.8,0,0
AR Adams,42,40,1885,1643,53,5/22,31,5.22,35.5,2,1
SR Clark,39,38,1829,1477,53,4/54,27.86,4.84,34.5,2,0
Mohammad Naveed,39,39,1938,1757,53,5/28,33.15,5.43,36.5,0,1
LS Pascoe,29,28,1568,1066,53,5/30,20.11,4.07,29.5,4,1
SMSM Senanayake,49,47,2358,1874,53,4/13,35.35,4.76,44.4,1,0
GI Allott,31,31,1528,1207,52,4/35,23.21,4.73,29.3,4,0
NM Coulter-Nile,32,32,1678,1555,52,4/48,29.9,5.56,32.2,1,0
KSC de Silva,38,37,1619,1323,52,3/18,25.44,4.9,31.1,0,0
DS Lehmann,117,62,1793,1445,52,4/7,27.78,4.83,34.4,1,0
TM Moody,76,66,2797,2014,52,3/25,38.73,4.32,53.7,0,0
KA Pollard,107,74,2116,2025,52,3/27,38.94,5.74,40.6,0,0
DJ Willey,46,45,1971,1889,52,4/34,36.32,5.75,37.9,2,0
A Dananjaya,36,34,1773,1506,51,6/29,29.52,5.09,34.7,2,2
VC Drakes,34,34,1640,1293,51,5/33,25.35,4.73,32.1,3,2
BJ McCarthy,27,27,1389,1360,51,5/46,26.66,5.87,27.2,2,1
AM Blignaut,54,53,2348,2063,50,4/43,41.26,5.27,46.9,2,0
GJ Maxwell,110,86,2698,2525,50,4/46,50.5,5.61,53.9,2,0
JA Morkel,58,52,2073,1899,50,4/29,37.98,5.49,41.4,2,0
PM Seelaar,41,41,1901,1476,50,4/15,29.52,4.65,38,1,0
T Thushara,38,38,1676,1393,50,5/47,27.86,4.98,33.5,0,1
JH Davey,31,29,1301,1082,49,6/28,22.08,4.99,26.5,1,2
CD McMillan,197,74,1879,1717,49,3/20,35.04,5.48,38.3,0,0
AR Nurse,54,49,2384,2125,49,4/51,43.36,5.34,48.6,2,0
JS Patel,43,42,2014,1691,49,3/11,34.51,5.03,41.1,0,0
GR Dilley,36,36,2043,1291,48,4/23,26.89,3.79,42.5,3,0
JK Kamande,86,71,2619,2169,48,4/36,45.18,4.96,54.5,1,0
S Lee,45,43,1706,1245,48,5/33,25.93,4.37,35.5,1,1
JF Mooney,64,50,1797,1635,48,4/27,34.06,5.45,37.4,2,0
CH Morris,42,40,1894,1756,48,4/31,36.58,5.56,39.4,2,0
ARC Fraser,42,42,2392,1412,47,4/22,30.04,3.54,50.8,1,0
Shahadat Hossain,51,50,2198,2143,47,3/34,45.59,5.84,46.7,0,0
M Amarnath,85,64,2730,1971,46,3/12,42.84,4.33,59.3,0,0
PW Borren,58,51,1979,1620,46,4/32,35.21,4.91,43,1,0
N Chopra,39,37,1835,1286,46,5/21,27.95,4.2,39.8,1,1
AC Evans,36,35,1678,1499,46,4/41,32.58,5.35,36.4,2,0
NAM McLean,45,45,2120,1729,46,3/21,37.58,4.89,46,0,0
Mirwais Ashraf,46,45,2009,1360,46,4/35,29.56,4.06,43.6,1,0
Mohammad Asif,38,36,1941,1524,46,3/28,33.13,4.71,42.1,0,0
SB O'Connor,38,38,1487,1396,46,5/39,30.34,5.63,32.3,1,2
Samiullah Shinwari,84,65,2111,1729,46,4/31,37.58,4.91,45.8,1,0
BC Strang,49,48,2494,1718,46,6/20,37.34,4.13,54.2,1,1
MR Whitney,38,38,2106,1249,46,4/34,27.15,3.55,45.7,2,0
RDB Croft,50,49,2466,1743,45,3/51,38.73,4.24,54.8,0,0
GF Labrooy,44,44,2308,1876,45,5/57,41.68,4.87,51.2,1,1
NO Miller,50,46,2125,1660,45,4/43,36.88,4.68,47.2,2,0
CM Old,32,31,1755,999,45,4/8,22.2,3.41,39,2,0
H Osinde,42,41,1692,1389,45,4/26,30.86,4.92,37.6,2,0
AR Patel,38,35,1908,1409,45,3/34,31.31,4.43,42.4,0,0
DN Patel,75,69,3251,2261,45,3/22,50.24,4.17,72.2,0,0
EC Rainsford,39,39,1907,1401,45,5/36,31.13,4.4,42.3,1,1
Taskin Ahmed,32,31,1413,1401,45,5/28,31.13,5.94,31.4,2,1
AR Whittall,63,62,3085,2251,45,3/23,50.02,4.37,68.5,0,0
HS Baidwan,32,32,1551,1348,44,3/19,30.63,5.21,35.2,0,0
SP Davis,39,39,2016,1133,44,3/10,25.75,3.37,45.8,0,0
S Elworthy,39,37,1702,1235,44,3/17,28.06,4.35,38.6,0,0
AH Gray,25,24,1270,835,44,6/50,18.97,3.94,28.8,2,1
RJ Harris,21,20,1031,832,44,5/19,18.9,4.84,23.4,0,3
VJ Marks,34,32,1838,1135,44,5/20,25.79,3.7,41.7,0,2
MR Marsh,53,50,1700,1564,44,5/33,35.54,5.52,38.6,1,1
Nazmul Hossain,38,37,1649,1386,44,4/40,31.5,5.04,37.4,1,0
DR Pringle,44,44,2379,1677,44,4/42,38.11,4.22,54,1,0
RP Snell,42,42,2095,1574,44,5/40,35.77,4.5,47.6,2,1
DP Viljoen,53,46,2075,1639,44,3/20,37.25,4.73,47.1,0,0
JC Adams,127,56,1856,1499,43,5/37,34.86,4.84,43.1,0,1
CR Brathwaite,44,40,1825,1766,43,5/27,41.06,5.8,42.4,2,1
CJ Jordan,31,31,1532,1521,43,5/29,35.37,5.95,35.6,0,1
Shapoor Zadran,44,44,1983,1589,43,4/24,36.95,4.8,46.1,2,0
PR Stirling,114,73,2392,1902,43,6/55,44.23,4.77,55.6,1,1
MA Suji,64,64,2952,2190,43,4/24,50.93,4.45,68.6,1,0
KLT Arthurton,105,44,1384,1159,42,4/31,27.59,5.02,32.9,3,0
AC Botha,42,33,1560,1134,42,4/19,27,4.36,37.1,2,0
JW Hastings,29,29,1486,1256,42,6/45,29.9,5.07,35.3,1,1
Imad Wasim,53,51,2313,1865,42,5/14,44.4,4.83,55,0,1
AR McBrine,42,40,2045,1489,42,3/38,35.45,4.36,48.6,0,0
SA Thomson,56,51,2121,1602,42,3/14,38.14,4.53,50.5,0,0
Aftab Alam,27,27,1257,1033,41,4/25,25.19,4.93,30.6,1,0
JAR Blain,33,32,1329,1173,41,5/22,28.6,5.29,32.4,1,1
DG Cork,32,32,1772,1368,41,3/27,33.36,4.63,43.2,0,0
CE Cuffy,41,41,2153,1436,41,4/24,35.02,4,52.5,1,0
S Dhaniram,44,41,1769,1240,41,5/32,30.24,4.2,43.1,1,1
SM Ervine,42,40,1649,1561,41,3/29,38.07,5.67,40.2,0,0
HA Gomes,83,36,1345,1045,41,4/31,25.48,4.66,32.8,2,0
AF Milne,40,39,1801,1581,41,3/49,38.56,5.26,43.9,0,0
L Ngidi,22,22,1026,947,41,4/51,23.09,5.53,25,2,0
VD Philander,30,28,1279,986,41,4/12,24.04,4.62,31.1,2,0
Amir Hamza,31,31,1552,1016,40,4/17,25.4,3.92,38.8,1,0
RP Arnold,180,84,2157,1739,40,3/47,43.47,4.83,53.9,0,0
RS Bopara,120,74,1860,1523,40,4/38,38.07,4.91,46.5,1,0
Saleem Jaffar,39,39,1900,1382,40,3/25,34.55,4.36,47.5,0,0
Shaheen Shah Afridi,19,18,924,847,40,6/35,21.17,5.5,23.1,4,1
SJ Benn,47,46,2387,1913,39,4/18,49.05,4.8,61.2,3,0
PT Collins,30,30,1577,1212,39,5/43,31.07,4.61,40.4,0,1
SS Cottrell,30,28,1314,1293,39,5/46,33.15,5.9,33.6,1,1
WW Davis,35,35,1923,1302,39,7/51,33.38,4.06,49.3,0,1
GD Elliott,83,56,1302,1179,39,4/31,30.23,5.43,33.3,1,0
WK McCallan,39,35,1804,1208,39,4/30,30.97,4.01,46.2,2,0
H Masakadza,209,85,1844,1636,39,3/39,41.94,5.32,47.2,0,0
TBA May,47,46,2504,1772,39,3/19,45.43,4.24,64.2,0,0
MO Odumbe,61,52,2237,1807,39,4/38,46.33,4.84,57.3,1,0
IS Sodhi,31,30,1548,1430,39,4/58,36.66,5.54,39.6,1,0
Akram Raza,49,48,2601,1611,38,3/18,42.39,3.71,68.4,0,0
D Bishoo,42,40,2022,1668,38,3/30,43.89,4.94,53.2,0,0
MG Hughes,33,33,1639,1115,38,4/44,29.34,4.08,43.1,1,0
AJ Ireland,26,26,1326,1115,38,3/41,29.34,5.04,34.8,0,0
Nadeem Ahmed,25,25,1327,932,38,4/26,24.52,4.21,34.9,4,0
Rohan Mustafa,34,33,1583,1245,38,5/25,32.76,4.71,41.6,1,1
R Vinay Kumar,31,31,1436,1423,38,4/30,37.44,5.94,37.7,1,0
TJ Friend,51,45,1930,1779,37,4/55,48.08,5.53,52.1,1,0
MR Gillespie,32,31,1521,1369,37,4/58,37,5.4,41.1,1,0
EE Hemmings,33,32,1752,1294,37,4/52,34.97,4.43,47.3,1,0
M Kartik,37,36,1907,1612,37,6/27,43.56,5.07,51.5,0,1
Mehidy Hasan Miraz,38,37,1957,1520,37,4/29,41.08,4.66,52.8,1,0
KS Williamson,149,65,1467,1310,37,4/22,35.4,5.35,39.6,1,0
HMCM Bandara,31,28,1470,1232,36,4/31,34.22,5.02,40.8,2,0
EAE Baptiste,43,43,2214,1511,36,2/10,41.97,4.09,61.5,0,0
MG Bevan,232,67,1966,1655,36,3/36,45.97,5.05,54.6,0,0
JM Davison,32,31,1435,1067,36,3/15,29.63,4.46,39.8,0,0
AIC Dodemaide,24,24,1327,753,36,5/21,20.91,3.4,36.8,1,1
SB Doull,42,42,1745,1459,36,4/25,40.52,5.01,48.4,1,0
GA Gooch,125,60,2066,1516,36,3/19,42.11,4.4,57.3,0,0
S Randiv,31,29,1437,1214,36,5/42,33.72,5.06,39.9,0,1
Khurram Chohan,25,24,1186,1029,36,5/68,28.58,5.2,32.9,3,1
SK Raina,226,101,2126,1811,36,3/34,50.3,5.11,59,0,0
I Wardlaw,22,21,1108,1036,36,4/22,28.77,5.61,30.7,2,0
CJ Chibhabha,103,58,1667,1615,35,4/25,46.14,5.81,47.6,1,0
M Hendrick,22,22,1248,681,35,5/31,19.45,3.27,35.6,2,1
NC Johnson,48,39,1503,1220,35,4/42,34.85,4.87,42.9,1,0
Naeem Islam,59,48,1743,1407,35,3/32,40.2,4.84,49.8,0,0
CO Obuya,104,49,1818,1637,35,5/24,46.77,5.4,51.9,0,1
MRJ Watt,27,27,1443,1033,35,4/42,29.51,4.29,41.2,1,0
BA Williams,25,24,1203,814,35,5/22,23.25,4.05,34.3,1,2
KJ Abbott,28,27,1303,1051,34,4/21,30.91,4.83,38.3,2,0
L Balaji,30,30,1447,1344,34,4/48,39.52,5.57,42.5,1,0
TL Best,26,26,1300,1157,34,4/35,34.02,5.34,38.2,2,0
PKD Chase,25,24,1238,1356,34,3/33,39.88,6.57,36.4,0,0
OD Gibson,15,15,739,621,34,5/40,18.26,5.04,21.7,2,2
VB John,45,45,2311,1655,34,3/28,48.67,4.29,67.9,0,0
RDM Leverock,32,32,1684,1123,34,5/53,33.02,4,49.5,0,1
RR Powar,31,29,1536,1191,34,3/24,35.02,4.65,45.1,0,0
JA Rennie,44,43,1965,1564,34,3/27,46,4.77,57.7,0,0
KW Richardson,22,22,1143,1061,34,5/68,31.2,5.56,33.6,0,1
Tahir Naqqash,40,37,1596,1240,34,3/23,36.47,4.66,46.9,0,0
Usman Shinwari,17,17,768,633,34,5/34,18.61,4.94,22.5,3,2
N Vanua,23,23,1060,900,34,4/24,26.47,5.09,31.1,4,0
KCG Benjamin,26,26,1319,923,33,3/34,27.96,4.19,39.9,0,0
U Bhatti,36,35,1630,1149,33,4/45,34.81,4.22,49.3,1,0
JG Bracewell,53,50,2447,1884,33,2/3,57.09,4.61,74.1,0,0
ST Gabriel,25,25,1148,1134,33,3/17,34.36,5.92,34.7,0,0
YK Pathan,57,50,1490,1365,33,3/49,41.36,5.49,45.1,0,0
E Schiferli,30,30,1294,1008,33,4/23,30.54,4.67,39.2,3,0
Shabbir Ahmed,32,32,1642,1192,33,3/32,36.12,4.35,49.7,0,0
Sikander Bakht,27,27,1277,860,33,4/34,26.06,4.04,38.6,1,0
EO Simons,23,23,1212,810,33,4/42,24.54,4,36.7,1,0
MP Stoinis,41,39,1414,1446,33,3/16,43.81,6.13,42.8,0,0
SD Anurasiri,45,43,2100,1464,32,3/40,45.75,4.18,65.6,0,0
RD Berrington,78,51,1394,1228,32,4/40,38.37,5.28,43.5,1,0
PP Chawla,25,25,1312,1117,32,4/23,34.9,5.1,41,2,0
AC Dale,30,30,1596,979,32,3/18,30.59,3.68,49.8,0,0
DS de Silva,41,40,2076,1557,32,3/29,48.65,4.5,64.8,0,0
MJ Hoggard,26,26,1306,1152,32,5/49,36,5.29,40.8,0,1
AJ Hollioake,35,32,1208,1019,32,4/23,31.84,5.06,37.7,2,0
Imran Haider,20,20,943,841,32,4/25,26.28,5.35,29.4,2,0
JM Kemp,85,48,1303,1015,32,3/20,31.71,4.67,40.7,0,0
KTGD Prasad,24,24,1015,976,32,3/17,30.5,5.76,31.7,0,0
S Prasanna,40,39,1945,1767,32,3/32,55.21,5.45,60.7,0,0
Rizwan Cheema,33,32,1330,1095,32,3/25,34.21,4.93,41.5,0,0
GB Troup,22,22,1180,791,32,4/19,24.71,4.02,36.8,3,0
DL Underwood,26,24,1278,734,32,4/44,22.93,3.44,39.9,1,0
BV Vitori,24,24,1193,1149,32,5/20,35.9,5.77,37.2,0,2
Arshad Ayub,32,32,1769,1216,31,5/21,39.22,4.12,57,0,1
JW Dernbach,24,24,1234,1308,31,4/45,42.19,6.35,39.8,1,0
KS Lokuarachchi,21,21,1011,725,31,4/44,23.38,4.3,32.6,1,0
MJ Mason,26,25,1179,1024,31,4/24,33.03,5.21,38,1,0
MM Sharma,26,25,1121,1020,31,4/22,32.9,5.45,36.1,1,0
Zahoor Khan,17,17,750,703,31,6/34,22.67,5.62,24.1,0,1
Abdur Rehman,31,31,1624,1142,30,4/48,38.06,4.21,54.1,1,0
CEH Croft,19,19,1070,620,30,6/15,20.66,3.47,35.6,0,1
GA Hick,120,47,1236,1026,30,5/33,34.2,4.98,41.2,0,1
RK Illingworth,25,25,1501,1059,30,3/33,35.3,4.23,50,0,0
AS Joseph,22,21,1033,1107,30,5/56,36.9,6.42,34.4,1,1
SI Mahmood,26,25,1197,1169,30,4/50,38.96,5.85,39.9,1,0
DA Marillier,48,35,1574,1235,30,4/38,41.16,4.7,52.4,1,0
PR Adams,24,23,1109,815,29,3/26,28.1,4.4,38.2,0,0
RK Chauhan,35,34,1634,1216,29,3/29,41.93,4.46,56.3,0,0
MD Crowe,143,46,1296,954,29,2/9,32.89,4.41,44.6,0,0
TBM de Leede,29,29,1139,999,29,4/35,34.44,5.26,39.2,1,0
Ehsan Khan,15,15,807,594,29,4/33,20.48,4.41,27.8,1,0
Hasibul Hossain,32,32,1375,1338,29,4/56,46.13,5.83,47.4,1,0
BW Hilfenhaus,25,25,1216,1075,29,5/33,37.06,5.3,41.9,0,1
NM Lyon,29,29,1626,1334,29,4/44,46,4.92,56,1,0
Manzoor Elahi,54,49,1743,1262,29,3/22,43.51,4.34,60.1,0,0
BA Murphy,31,29,1422,1130,29,3/43,38.96,4.76,49,0,0
D Pretorius,22,22,1022,813,29,3/5,28.03,4.77,35.2,0,0
FA Rose,27,27,1326,1046,29,5/23,36.06,4.73,45.7,0,1
RJ Sidebottom,25,25,1277,1039,29,3/19,35.82,4.88,44,0,0
CM Wright,20,19,861,663,29,4/29,22.86,4.62,29.6,1,0
Ahmed Raza,28,28,1505,1011,28,4/37,36.1,4.03,53.7,1,0
IG Butler,26,25,1109,1038,28,4/44,37.07,5.61,39.6,1,0
WW Hinds,119,34,945,837,28,3/24,29.89,5.31,33.7,0,0
BMAJ Mendis,58,49,1404,1204,28,3/15,43,5.14,50.1,0,0
SPD Smith,118,39,1070,963,28,3/16,34.39,5.4,38.2,0,0
DT Tiripano,31,29,1220,1122,28,5/63,40.07,5.51,43.5,0,1
Ata-ur-Rehman,30,30,1492,1186,27,3/27,43.92,4.76,55.2,0,0
HK Bennett,16,15,718,621,27,4/16,23,5.18,26.5,2,0
TK Curran,17,17,762,805,27,5/35,29.81,6.33,28.2,1,1
PW Gunaratne,23,23,959,908,27,4/44,33.62,5.68,35.5,1,0
KM Jadhav,71,42,1187,1020,27,3/23,37.77,5.15,43.9,0,0
AY Karim,34,33,1568,1114,27,5/33,41.25,4.26,58,0,1
AJ McKay,19,19,926,800,27,4/53,29.62,5.18,34.2,2,0
PJ Martin,20,20,1048,806,27,4/44,29.85,4.61,38.8,1,0
RAP Nissanka,23,23,997,857,27,4/12,31.74,5.15,36.9,1,0
A Vala,27,26,1038,648,27,3/20,24,3.74,38.4,0,0
CA Young,13,12,657,563,27,5/46,20.85,5.14,24.3,0,1
PH Edmonds,29,27,1534,965,26,3/39,37.11,3.77,59,0,0
AP Gurusinha,147,55,1585,1354,26,2/25,52.07,5.12,60.9,0,0
LN Onyango,29,28,995,981,26,3/29,37.73,5.91,38.2,0,0
AM Phangiso,21,21,1085,829,26,3/40,31.88,4.58,41.7,0,0
DN Crookes,32,30,1221,1011,25,3/30,40.44,4.96,48.8,0,0
GD Drummond,30,29,1263,932,25,4/41,37.28,4.42,50.5,1,0
LM Jongwe,22,22,863,759,25,5/6,30.36,5.27,34.5,0,1
A Kuruvilla,25,25,1131,890,25,4/43,35.6,4.72,45.2,1,0
D Langford-Smith,22,21,942,797,25,3/32,31.88,5.07,37.6,0,0
SW Masakadza,16,16,791,891,25,4/46,35.64,6.75,31.6,3,0
G Miller,25,24,1268,813,25,3/27,32.52,3.84,50.7,0,0
CA Soper,20,20,900,733,25,6/41,29.32,4.88,36,0,1
K Srikkanth,146,33,712,641,25,5/27,25.64,5.4,28.4,0,2
AR White,61,35,869,688,25,4/44,27.52,4.75,34.7,1,0
KIW Wijegunawardene,26,25,1186,986,25,4/49,39.44,4.98,47.4,1,0
Alok Kapali,69,49,1452,1255,24,3/49,52.29,5.18,60.5,0,0
Arafat Sunny,16,16,830,600,24,4/27,25,4.33,34.5,2,0
ID Blackwell,34,26,1230,877,24,3/26,36.54,4.27,51.2,0,0
C de Grandhomme,38,38,1296,1046,24,3/26,43.58,4.84,54,0,0
Harvinder Singh,16,16,686,609,24,3/44,25.37,5.32,28.5,0,0
RC Irani,31,30,1283,989,24,5/26,41.2,4.62,53.4,1,1
PW Jarvis,16,16,879,672,24,5/35,28,4.58,36.6,1,1
MBS Jonkman,16,16,719,565,24,3/24,23.54,4.71,29.9,0,0
JK Lever,22,22,1152,713,24,4/29,29.7,3.71,48,1,0
Manjural Islam,34,34,1591,1284,24,3/37,53.5,4.84,66.2,0,0
Mohammad Saifuddin,20,20,912,909,24,3/45,37.87,5.98,38,0,0
Nasir Hossain,65,43,1256,988,24,3/26,41.16,4.71,52.3,0,0
MS Panesar,26,26,1308,980,24,3/25,40.83,4.49,54.5,0,0
SR Patel,36,32,1187,1091,24,5/41,45.45,5.51,49.4,0,1
KR Pushpakumara,31,31,1430,1181,24,3/25,49.2,4.95,59.5,0,0
JA Richardson,12,12,648,632,24,4/26,26.33,5.85,27,1,0
O Thomas,19,18,716,825,24,5/21,34.37,6.91,29.8,1,1
Yasir Shah,25,24,1293,1150,24,6/26,47.91,5.33,53.8,1,1
Aizaz Cheema,14,14,658,593,23,4/43,25.78,5.4,28.6,2,0
JC Archer,14,14,737,569,23,3/27,24.73,4.63,32,0,0
DAJ Bracewell,19,19,932,798,23,4/55,34.69,5.13,40.5,1,0
NG Cowans,23,23,1282,913,23,3/44,39.69,4.27,55.7,0,0
KM Dabengwa,37,35,1109,936,23,3/15,40.69,5.06,48.2,0,0
WW Daniel,18,18,912,595,23,3/27,25.86,3.91,39.6,0,0
SR Gillespie,19,19,963,736,23,4/30,32,4.58,41.8,1,0
G Goudie,16,16,729,623,23,5/73,27.08,5.12,31.6,0,1
ND Hirwani,18,18,960,719,23,4/43,31.26,4.49,41.7,3,0
TG Hogan,16,15,917,574,23,4/33,24.95,3.75,39.8,1,0
KAD Hurdle,19,19,905,831,23,3/24,36.13,5.5,39.3,0,0
Manjural Islam Rana,25,23,996,689,23,4/34,29.95,4.15,43.3,2,0
S Mukuddem,20,20,960,752,23,4/40,32.69,4.7,41.7,1,0
BTJ Wheal,13,13,687,508,23,3/34,22.08,4.43,29.8,0,0
DR Brown,25,25,953,919,22,3/37,41.77,5.78,43.3,0,0
DM de Silva,42,35,1028,899,22,3/32,40.86,5.24,46.7,0,0
DR Doshi,15,15,792,524,22,4/30,23.81,3.96,36,2,0
Farhad Reza,34,32,1139,1017,22,5/42,46.22,5.35,51.7,0,1
DAS Gunaratne,31,25,834,723,22,3/10,32.86,5.2,37.9,0,0
BP Julian,25,25,1146,997,22,3/40,45.31,5.21,52,0,0
RN Lewis,28,25,1150,983,22,3/43,44.68,5.12,52.2,0,0
ML Nkala,50,46,1582,1570,22,3/12,71.36,5.95,71.9,0,0
E Otieno,26,25,954,927,22,4/33,42.13,5.83,43.3,1,0
MW Pringle,17,17,870,604,22,4/11,27.45,4.16,39.5,1,0
JE Root,143,64,1414,1364,22,3/52,62,5.78,64.2,0,0
SK Sharma,23,22,979,813,22,5/26,36.95,4.98,44.5,0,1
Sohag Gazi,20,19,919,722,22,4/29,32.81,4.71,41.7,1,0
WF Stelling,15,15,699,567,22,3/12,25.77,4.86,31.7,0,0
Al-Amin Hossain,14,14,603,523,21,4/51,24.9,5.2,28.7,2,0
JT Ball,18,18,947,980,21,5/51,46.66,6.2,45,0,1
DH Brain,23,23,1091,849,21,3/51,40.42,4.66,51.9,0,0
AC Dawson,19,19,901,715,21,4/49,34.04,4.76,42.9,1,0
RMS Eranga,19,17,716,686,21,3/46,32.66,5.74,34,0,0
CN Evans,53,34,964,848,21,3/11,40.38,5.27,45.9,0,0
M Hayward,21,21,993,858,21,4/31,40.85,5.18,47.2,1,0
NB Mahwire,23,21,885,775,21,3/29,36.9,5.25,42.1,0,0
WP Masakadza,17,16,859,734,21,4/21,34.95,5.12,40.9,1,0
Mohsin Kamal,19,19,881,760,21,4/47,36.19,5.17,41.9,1,0
PP Ojha,18,17,876,652,21,4/38,31.04,4.46,41.7,1,0
AO Suji,60,46,1295,1175,21,2/14,55.95,5.44,61.6,0,0
Wasim Raja,54,29,1036,687,21,4/25,32.71,3.97,49.3,1,0
MH Yardy,28,28,1332,1075,21,3/24,51.19,4.84,63.4,0,0
Kabir Ali,14,13,673,682,20,4/45,34.1,6.08,33.6,1,0
STR Binny,14,12,490,439,20,6/4,21.95,5.37,24.5,0,1
TS Chisoro,18,16,768,556,20,3/16,27.8,4.34,38.4,0,0
DT Christian,19,19,727,595,20,5/31,29.75,4.91,36.3,0,1
Faheem Ashraf,23,22,902,744,20,5/22,37.2,4.94,45.1,0,1
DR Hadlee,11,11,628,364,20,4/34,18.2,3.47,31.4,1,0
A Jadeja,196,52,1248,1094,20,3/3,54.7,5.25,62.4,0,0
RT Lyons,25,23,1093,901,20,3/21,45.05,4.94,54.6,0,0
N Madziva,12,12,520,519,20,4/49,25.95,5.98,26,1,0
JO Ngoche,17,17,878,569,20,3/18,28.45,3.88,43.9,0,0
KMA Paul,16,16,740,737,20,3/44,36.85,5.97,37,0,0
NO Perry,21,21,946,783,20,3/45,39.15,4.96,47.3,0,0
N Pokana,14,14,641,503,20,3/25,25.15,4.7,32,0,0
Rashid Khan,29,28,1414,923,20,3/47,46.15,3.91,70.7,0,0
DA Reeve,29,28,1147,820,20,3/20,41,4.28,57.3,0,0
Shoaib Mohammad,63,35,919,725,20,3/20,36.25,4.73,45.9,0,0
RML Taylor,15,15,713,617,20,3/39,30.85,5.19,35.6,0,0
MHN Walker,17,17,1006,546,20,4/19,27.3,3.25,50.3,1,0
GG Arnold,14,13,714,339,19,4/27,17.84,2.84,37.5,1,0
PVD Chameera,23,23,895,796,19,3/20,41.89,5.33,47.1,0,0
TM Chappell,20,14,736,538,19,3/31,28.31,4.38,38.7,0,0
Enamul Haque,29,28,1238,1083,19,2/40,57,5.24,65.1,0,0
AW Greig,22,19,916,619,19,4/45,32.57,4.05,48.2,1,0
VA Holder,12,12,681,454,19,5/50,23.89,4,35.8,0,1
RD Jackman,15,15,873,598,19,3/41,31.47,4.1,45.9,0,0
DS Kulkarni,12,12,598,508,19,4/34,26.73,5.09,31.4,1,0
MA Leask,34,31,1142,1019,19,4/37,53.63,5.35,60.1,1,0
BJ McKechnie,14,14,818,495,19,3/23,26.05,3.63,43,0,0
JN Maguire,23,20,1009,769,19,3/61,40.47,4.57,53.1,0,0
Mohammad Akram,23,21,989,790,19,2/28,41.57,4.79,52,0,0
Mushfiqur Rahman,28,28,1332,983,19,2/21,51.73,4.42,70.1,0,0
PDRL Perera,19,19,888,820,19,3/23,43.15,5.54,46.7,0,0
Shahid Nazir,17,17,810,649,19,3/14,34.15,4.8,42.6,0,0
T Shamsi,17,17,879,798,19,4/33,42,5.44,46.2,1,0
M Sheikh,21,21,778,625,19,4/36,32.89,4.82,40.9,1,0
Sohail Khan,13,13,666,597,19,5/55,31.42,5.37,35,0,1
Tanwir Afzal,20,19,852,601,19,3/20,31.63,4.23,44.8,0,0
AJ Traicos,27,26,1524,987,19,3/35,51.94,3.88,80.2,0,0
PCR Tufnell,20,20,1020,699,19,4/22,36.78,4.11,53.6,1,0
Anwar Ali,22,22,927,944,18,3/66,52.44,6.11,51.5,0,0
GD Campbell,12,12,613,404,18,3/17,22.44,3.95,34,0,0
RO Collinge,15,15,859,479,18,5/23,26.61,3.34,47.7,0,1
MD Dai,18,18,954,675,18,3/58,37.5,4.24,53,0,0
DR Gilbert,14,14,684,552,18,5/46,30.66,4.84,38,0,1
DJ Hussey,69,39,802,698,18,4/21,38.77,5.22,44.5,2,0
BD Julien,12,12,778,463,18,4/20,25.72,3.57,43.2,2,0
AP Kuiper,25,19,588,518,18,3/33,28.77,5.28,32.6,0,0
J Lewis,13,13,716,500,18,4/36,27.77,4.18,39.7,1,0
CS Martin,20,19,948,804,18,3/62,44.66,5.08,52.6,0,0
Mohammad Ashraful,177,40,697,661,18,3/26,36.72,5.69,38.7,0,0
B Muzarabani,18,18,786,733,18,4/47,40.72,5.59,43.6,1,0
MV Nagamootoo,24,24,1189,998,18,4/32,55.44,5.03,66,1,0
AH Omarshah,28,25,1077,812,18,3/33,45.11,4.52,59.8,0,0
Rahat Ali,14,14,679,658,18,3/40,36.55,5.81,37.7,0,0
KT Sandher,15,15,696,569,18,3/24,31.61,4.9,38.6,0,0
GC Smith,197,43,1026,951,18,3/30,52.83,5.56,57,0,0
CB Sole,11,11,522,468,18,4/28,26,5.37,29,2,0
RE van der Merwe,15,15,789,658,18,3/27,36.55,5,43.8,0,0
KC Wessels,109,23,749,666,18,2/16,37,5.33,41.6,0,0
AG Wharf,13,13,584,428,18,4/24,23.77,4.39,32.4,1,0
LR Williams,15,15,659,556,18,3/16,30.88,5.06,36.6,0,0
Adeel Raja,21,21,846,690,17,4/42,40.58,4.89,49.7,1,0
DJ Capel,23,22,1038,805,17,3/38,47.35,4.65,61,0,0
EAR de Silva,28,28,1374,967,17,3/38,56.88,4.22,80.8,0,0
MV Fleming,11,11,523,434,17,4/45,25.52,4.97,30.7,1,0
HH Kanitkar,34,28,1006,803,17,2/22,47.23,4.78,59.1,0,0
JJC Lawson,13,12,558,498,17,4/57,29.29,5.35,32.8,1,0
Mohammad Nawaz,15,15,699,607,17,4/42,35.7,5.21,41.1,1,0
J Nyumbu,19,18,844,738,17,3/42,43.41,5.24,49.6,0,0
PADLR Sandakan,21,20,961,1031,17,4/52,60.64,6.43,56.5,1,0
A Shahzad,11,11,588,490,17,3/41,28.82,5,34.5,0,0
PM Siddle,20,19,901,743,17,3/55,43.7,4.94,53,0,0
J Theron,9,9,412,379,17,5/44,22.29,5.51,24.2,0,1
Aizaz Khan,19,19,728,680,16,2/26,42.5,5.6,45.5,0,0
Asif Iqbal,10,10,592,378,16,4/56,23.62,3.83,37,1,0
JP Behrendorff,11,11,591,517,16,5/44,32.31,5.24,36.9,0,1
SM Boland,14,13,716,725,16,3/67,45.31,6.07,44.7,0,0
GR Codrington,17,17,731,577,16,4/33,36.06,4.73,45.6,1,0
CD de Lange,13,12,546,371,16,5/60,23.18,4.07,34.1,0,1
Ehsan Nawaz,12,12,513,458,16,4/47,28.62,5.35,32,2,0
GJ Gilmour,5,5,320,165,16,6/14,10.31,3.09,20,0,2
PJC Hoffmann,18,17,743,555,16,3/22,34.68,4.48,46.4,0,0
SHU Karnain,19,14,635,505,16,5/26,31.56,4.77,39.6,0,1
DE Malcolm,10,10,526,404,16,3/40,25.25,4.6,32.8,0,0
S Matsikenyeri,113,38,920,778,16,2/25,48.62,5.07,57.5,0,0
JL Pattinson,15,15,727,681,16,4/51,42.56,5.62,45.4,1,0
BS Sandhu,22,21,1110,763,16,3/27,47.68,4.12,69.3,0,0
RR Sarwan,181,25,581,586,16,3/31,36.62,6.05,36.3,0,0
MC Sorensen,13,12,543,520,16,4/40,32.5,5.74,33.9,1,0
RJW Topley,10,10,463,410,16,4/50,25.62,5.31,28.9,1,0
RJ Trott,11,11,537,412,16,4/46,25.75,4.6,33.5,1,0
MP Vaughan,86,28,796,649,16,4/22,40.56,4.89,49.7,1,0
R Vijay Bharadwaj,10,9,372,307,16,3/34,19.18,4.95,23.2,0,0
Zakir Khan,17,16,646,494,16,4/19,30.87,4.58,40.3,1,0
MR Adair,9,9,484,509,15,4/19,33.93,6.3,32.2,2,0
KK Ahmed,11,11,480,465,15,3/13,31,5.81,32,0,0
PJW Allott,13,13,819,552,15,3/41,36.8,4.04,54.6,0,0
CJA Amini,15,15,732,560,15,4/27,37.33,4.59,48.8,1,0
Azeem Hafeez,15,14,719,586,15,4/22,39.06,4.89,47.9,1,0
SL Boock,14,13,700,513,15,3/28,34.2,4.39,46.6,0,0
DCC Borden,12,12,411,392,15,4/30,26.13,5.72,27.4,1,0
Danish Kaneria,18,18,854,683,15,3/31,45.53,4.79,56.9,0,0
G Dymock,15,14,806,412,15,2/21,27.46,3.06,53.7,0,0
TCB Fernando,17,17,700,586,15,5/67,39.06,5.02,46.6,0,1
KD Ghavri,19,19,1033,708,15,3/40,47.2,4.11,68.8,0,0
S Lamichhane,6,6,319,222,15,4/24,14.8,4.17,21.2,2,0
NC McGarrell,17,17,859,681,15,3/32,45.4,4.75,57.2,0,0
KH MacLeay,16,16,857,626,15,6/39,41.73,4.38,57.1,0,1
GH O'Brien,9,9,456,405,15,3/31,27,5.32,30.4,0,0
SS Pathirana,18,18,765,720,15,3/37,48,5.64,51,0,0
SM Patil,45,20,864,589,15,2/28,39.26,4.09,57.6,0,0
Rajin Saleh,43,19,539,459,15,4/16,30.6,5.1,35.9,1,0
AK Sharma,31,29,1140,875,15,3/41,58.33,4.6,76,0,0
L Sivaramakrishnan,16,16,756,538,15,3/35,35.86,4.26,50.4,0,0
CT Tremlett,15,15,784,705,15,4/32,47,5.39,52.2,1,0
JTC Vaughan,18,17,696,524,15,4/33,34.93,4.51,46.4,1,0
UWMBCA Welegedara,10,9,457,433,15,5/66,28.86,5.68,30.4,0,1
LJ Wright,50,37,1038,884,15,2/34,58.93,5.1,69.2,0,0
JO Angara,17,15,588,569,14,3/30,40.64,5.8,42,0,0
Anshuman Rath,18,7,337,167,14,3/22,11.92,2.97,24,0,0
F Behardien,59,35,748,719,14,3/19,51.35,5.76,53.4,0,0
DE Bernard,20,17,624,526,14,3/32,37.57,5.05,44.5,0,0
GS Blewett,32,24,749,646,14,2/6,46.14,5.17,53.5,0,0
S Chanderpaul,268,28,740,636,14,3/18,45.42,5.15,52.8,0,0
GJ Cosier,9,8,409,248,14,5/18,17.71,3.63,29.2,0,1
JWM Dalrymple,27,23,840,666,14,2/5,47.57,4.75,60,0,0
Enamul Haque jnr,10,10,576,422,14,3/16,30.14,4.39,41.1,0,0
UC Hathurusingha,35,25,954,709,14,4/57,50.64,4.45,68.1,1,0
Jalal-ud-Din,8,7,306,211,14,4/32,15.07,4.13,21.8,1,0
SKW Kelly,10,10,389,371,14,3/36,26.5,5.72,27.7,0,0
D Mongia,57,21,640,571,14,3/31,40.78,5.35,45.7,0,0
Mosaddek Hossain,35,33,902,787,14,3/13,56.21,5.23,64.4,0,0
A Nao,13,13,613,495,14,3/40,35.35,4.84,43.7,0,0
JD Nel,19,19,730,649,14,4/25,46.35,5.33,52.1,1,0
IE O'Brien,10,10,453,488,14,3/68,34.85,6.46,32.3,0,0
Rahmat Shah,73,26,524,504,14,5/32,36,5.77,37.4,0,1
Rumman Raees,9,9,463,464,14,3/49,33.14,6.01,33,0,0
JA Snow,9,8,538,232,14,4/11,16.57,2.58,38.4,2,0
Sohrawordi Shuvo,17,17,762,572,14,3/14,40.85,4.5,54.4,0,0
SA Ankola,20,20,807,615,13,3/33,47.3,4.57,62,0,0
MP Bicknell,7,7,413,347,13,3/55,26.69,5.04,31.7,0,0
KD Boyce,8,8,470,313,13,4/50,24.07,3.99,36.1,1,0
ST Clarke,10,10,524,245,13,3/22,18.84,2.8,40.3,0,0
PC Connell,13,12,564,518,13,3/68,39.84,5.51,43.3,0,0
TLW Cooper,23,19,553,438,13,3/11,33.69,4.75,42.5,0,0
PWH de Silva,12,12,403,429,13,3/15,33,6.38,31,0,0
Hamza Tahir,6,6,338,228,13,5/38,17.53,4.04,26,1,1
MN Hart,13,12,572,373,13,5/22,28.69,3.91,44,0,1
RS Higgins,11,11,544,380,13,4/21,29.23,4.19,41.8,1,0
Ijaz Faqih,27,25,1116,819,13,4/43,63,4.4,85.8,1,0
CBRLS Kumara,13,13,544,623,13,2/26,47.92,6.87,41.8,0,0
Majid Khan,23,15,658,374,13,3/27,28.76,3.41,50.6,0,0
AD Mascarenhas,20,20,822,634,13,3/23,48.76,4.62,63.2,0,0
Minhajul Abedin,27,18,546,511,13,2/39,39.3,5.61,42,0,0
Mohammad Hussain,14,13,672,547,13,4/33,42.07,4.88,51.6,1,0
SN Netravalkar,9,9,403,210,13,5/32,16.15,3.12,31,0,1
ASA Perera,20,18,579,522,13,2/25,40.15,5.4,44.5,0,0
MDK Perera,13,10,456,409,13,3/48,31.46,5.38,35,0,0
DJ Reekers,19,13,510,436,13,3/54,33.53,5.12,39.2,0,0
JB Reva,9,9,405,357,13,3/40,27.46,5.28,31.1,0,0
Sharafuddin Ashraf,17,17,764,559,13,3/29,43,4.39,58.7,0,0
JN Snape,10,10,529,403,13,3/43,31,4.57,40.6,0,0
Sompal Kami,6,6,301,247,13,5/33,19,4.92,23.1,0,1
Tareq Aziz,10,10,465,424,13,3/19,32.61,5.47,35.7,0,0
S Thuraisingam,10,10,421,305,13,4/35,23.46,4.34,32.3,1,0
JJ Tucker,26,21,819,701,13,2/23,53.92,5.13,63,0,0
JJ van der Wath,10,10,526,551,13,2/21,42.38,6.28,40.4,0,0
P Willey,26,22,1031,659,13,3/33,50.69,3.83,79.3,0,0
P Wilson,11,11,562,450,13,3/39,34.61,4.8,43.2,0,0
Aftab Ahmed,85,30,739,656,12,5/31,54.66,5.32,61.5,0,1
Ahsan Malik,12,11,471,408,12,3/38,34,5.19,39.2,0,0
M Azharuddin,334,24,552,479,12,3/19,39.91,5.2,46,0,0
WD Balaji Rao,10,10,474,448,12,4/57,37.33,5.67,39.5,1,0
HR Bryan,15,15,722,518,12,4/24,43.16,4.3,60.1,1,0
IP Butchart,20,16,702,640,12,3/57,53.33,5.47,58.5,0,0
ADR Campbell,188,30,509,434,12,2/20,36.16,5.11,42.4,0,0
PA Desai,13,13,612,485,12,3/35,40.41,4.75,51,0,0
AB Dinda,13,13,594,612,12,2/44,51,6.18,49.5,0,0
H Durham,9,8,400,343,12,4/45,28.58,5.14,33.3,1,0
AM Ellis,15,13,480,425,12,2/22,35.41,5.31,40,0,0
RM Ellison,14,14,696,510,12,3/42,42.5,4.39,58,0,0
AM Guruge,7,7,351,337,12,4/56,28.08,5.76,29.2,1,0
TM Head,42,26,765,737,12,2/22,61.41,5.78,63.7,0,0
PA Hitchcock,14,12,558,468,12,3/30,39,5.03,46.5,0,0
AG Hurst,8,7,402,203,12,5/21,16.91,3.02,33.5,0,1
Iqbal Qasim,15,14,664,500,12,3/13,41.66,4.51,55.3,0,0
Kabir Khan,10,9,371,303,12,2/23,25.25,4.9,30.9,0,0
TP Kamungozi,14,13,636,548,12,2/36,45.66,5.16,53,0,0
Khurram Khan,16,11,498,432,12,4/32,36,5.2,41.5,1,0
RK Kleinveldt,10,10,513,448,12,4/22,37.33,5.23,42.7,1,0
CM Kuggeleijn,16,16,817,604,12,2/31,50.33,4.43,68,0,0
GA Lamb,15,15,642,467,12,3/45,38.91,4.36,53.5,0,0
SG Law,54,25,807,635,12,2/22,52.91,4.72,67.2,0,0
RJ McCurdy,11,11,515,375,12,3/19,31.25,4.36,42.9,0,0
DR Martyn,208,31,794,704,12,2/21,58.66,5.31,66.1,0,0
SF Mire,47,19,507,515,12,4/43,42.91,6.09,42.2,1,0
SO Ngoche,14,13,569,431,12,2/28,35.91,4.54,47.4,0,0
MA Parker,10,10,414,327,12,4/33,27.25,4.73,34.5,1,0
RG Petrie,12,12,660,449,12,2/25,37.41,4.08,55,0,0
PWE Rawson,10,10,571,427,12,3/47,35.58,4.48,47.5,0,0
JD Ryder,48,19,407,412,12,3/29,34.33,6.07,33.9,0,0
Simi Singh,15,12,570,378,12,3/15,31.5,3.97,47.5,0,0
SR Thompson,20,16,559,490,12,2/17,40.83,5.25,46.5,0,0
AJ Tye,7,7,387,392,12,5/46,32.66,6.07,32.2,0,1
I Udana,15,15,639,631,12,2/41,52.58,5.92,53.2,0,0
KEA Upashantha,12,12,564,481,12,4/37,40.08,5.11,47,1,0
RR Watson,35,17,570,528,12,3/18,44,5.55,47.5,0,0
CL White,91,19,331,351,12,3/5,29.25,6.36,27.5,0,0
PJ Wiseman,15,13,450,368,12,4/45,30.66,4.9,37.5,1,0
Aamer Nazir,9,9,417,346,11,3/43,31.45,4.97,37.9,0,0
VR Aaron,9,9,380,419,11,3/24,38.09,6.61,34.5,0,0
RW Ali,9,9,338,255,11,3/17,23.18,4.52,30.7,0,0
Amir Hayat,9,9,449,382,11,3/19,34.72,5.1,40.8,0,0
LS Baker,10,9,426,355,11,3/47,32.27,5,38.7,0,0
RL Chase,25,18,641,511,11,3/30,46.45,4.78,58.2,0,0
R Clarke,20,14,469,415,11,2/28,37.72,5.3,42.6,0,0
HT Davis,11,11,432,436,11,4/35,39.63,6.05,39.2,1,0
Z Groenewald,4,4,198,130,11,5/20,11.81,3.93,18,0,1
HF Gurney,10,10,455,432,11,4/55,39.27,5.69,41.3,1,0
Haris Sohail,41,21,642,613,11,3/45,55.72,5.72,58.3,0,0
Haseeb Amjad,7,7,342,288,11,3/49,26.18,5.05,31,0,0
DW Headley,13,13,594,520,11,2/38,47.27,5.25,54,0,0
HJ Howarth,9,8,492,280,11,3/29,25.45,3.41,44.7,0,0
RL Johnson,10,9,402,239,11,3/22,21.72,3.56,36.5,0,0
CL King,18,15,744,529,11,4/23,48.09,4.26,67.6,1,0
NM Kulkarni,10,8,402,357,11,3/27,32.45,5.32,36.5,0,0
RT Latham,33,21,450,386,11,5/32,35.09,5.14,40.9,0,1
P Lever,10,9,440,261,11,4/35,23.72,3.55,40,1,0
AA Mallett,9,9,502,341,11,3/34,31,4.07,45.6,0,0
MF Malone,10,10,612,315,11,2/9,28.63,3.08,55.6,0,0
A Martin,9,9,444,296,11,4/36,26.9,4,40.3,1,0
EZ Matambanadzo,7,7,297,217,11,4/32,19.72,4.38,27,1,0
M Mbangwa,29,29,1369,1140,11,2/24,103.63,4.99,124.4,0,0
DR Parry,6,6,330,259,11,3/47,23.54,4.7,30,0,0
RL Powell,109,25,473,491,11,2/5,44.63,6.22,43,0,0
TT Samaraweera,53,17,702,542,11,3/34,49.27,4.63,63.8,0,0
Shafiuddin Ahmed,11,11,495,426,11,3/42,38.72,5.16,45,0,0
DLS van Bunge,37,13,331,329,11,3/16,29.9,5.96,30,0,0
A van der Merwe,9,9,432,323,11,5/49,29.36,4.48,39.2,0,1
JDF Vandersay,12,11,491,480,11,3/50,43.63,5.86,44.6,0,0
AS Wassan,9,9,426,283,11,3/28,25.72,3.98,38.7,0,0
M Zondeki,13,12,558,504,11,2/40,45.81,5.41,50.7,0,0
MW Alleyne,10,9,366,280,10,3/27,28,4.59,36.6,0,0
MA Aponso,9,9,423,377,10,4/18,37.7,5.34,42.3,1,0
TD Astle,9,8,270,246,10,3/33,24.6,5.46,27,0,0
DJ Callaghan,29,19,444,365,10,3/32,36.5,4.93,44.4,0,0
A Codrington,9,8,300,265,10,5/27,26.5,5.3,30,0,1
M de Lange,4,4,209,198,10,4/46,19.8,5.68,20.9,1,0
R Dhanraj,6,5,264,170,10,4/26,17,3.86,26.4,1,0
JN Frylinck,5,5,195,116,10,5/13,11.6,3.56,19.5,0,1
MW Gatting,92,14,392,336,10,3/32,33.6,5.14,39.2,0,0
NG Jones,14,13,389,234,10,2/19,23.4,3.6,38.9,0,0
Khawar Ali,5,5,258,188,10,4/23,18.8,4.37,25.8,1,0
FJ Klaassen,4,4,240,150,10,3/30,15,3.75,24,0,0
RR Kulkarni,10,10,444,345,10,3/42,34.5,4.66,44.4,0,0
DK Liyanage,16,16,642,510,10,3/49,51,4.76,64.2,0,0
Mohammad Sharif,9,9,499,424,10,3/40,42.4,5.09,49.9,0,0
Mohammad Zahid,11,11,512,391,10,2/20,39.1,4.58,51.2,0,0
D Mohammed,7,6,353,235,10,3/37,23.5,3.99,35.3,0,0
Naimur Rahman,29,24,1094,904,10,2/51,90.4,4.95,109.4,0,0
RJ Nicol,22,17,339,329,10,4/19,32.9,5.82,33.9,1,0
H Patel,23,16,409,353,10,4/28,35.3,5.17,40.9,1,0
MJG Rippon,6,6,252,167,10,4/37,16.7,3.97,25.2,1,0
IH Romaine,35,13,326,355,10,2/22,35.5,6.53,32.6,0,0
KR Rutherford,121,17,389,323,10,2/39,32.3,4.98,38.9,0,0
RL Sanghvi,10,10,498,399,10,3/29,39.9,4.8,49.8,0,0
Sanwar Hossain,27,13,383,327,10,3/49,32.7,5.12,38.3,0,0
MD Shanaka,22,12,282,274,10,5/43,27.4,5.82,28.2,0,1
G Sharma,11,10,486,361,10,3/29,36.1,4.45,48.6,0,0
TB Sole,10,10,504,387,10,4/15,38.7,4.6,50.4,1,0
MN Waller,79,30,666,566,10,2/44,56.6,5.09,66.6,0,0
Ziaur Rahman,13,11,390,301,10,5/30,30.1,4.63,39,0,1
KN Amalean,8,8,318,207,9,4/46,23,3.9,35.3,1,0
MKDI Amerasinghe,8,8,426,363,9,3/44,40.33,5.11,47.3,0,0
Amjad Javed,15,15,618,608,9,3/60,67.55,5.9,68.6,0,0
ML Cummins,11,9,450,474,9,3/82,52.66,6.32,50,0,0
KM Curran,11,10,506,398,9,3/65,44.22,4.71,56.2,0,0
MH Dekker,23,12,347,290,9,2/16,32.22,5.01,38.5,0,0
GRA de Silva,6,6,305,262,9,3/41,29.11,5.15,33.8,0,0
PLS Gamage,9,9,402,392,9,4/57,43.55,5.85,44.6,1,0
K Gore,7,7,300,208,9,4/20,23.11,4.16,33.3,1,0
MP Jarvis,12,12,601,451,9,2/37,50.11,4.5,66.7,0,0
Javed Ahmadi,44,17,398,319,9,4/37,35.44,4.8,44.2,1,0
P Khadka,6,6,258,164,9,4/26,18.22,3.81,28.6,1,0
Khaliq Dad,6,6,252,150,9,3/30,16.66,3.57,28,0,0
RJ Kirtley,11,11,549,481,9,2/33,53.44,5.25,61,0,0
T Kumaran,8,8,378,348,9,3/24,38.66,5.52,42,0,0
RP Lefebvre,11,11,534,346,9,2/38,38.44,3.88,59.3,0,0
AS Luseno,10,10,330,316,9,4/32,35.11,5.74,36.6,1,0
MW Machan,23,16,402,384,9,3/31,42.66,5.73,44.6,0,0
CS MacLeod,66,31,770,694,9,2/26,77.11,5.4,85.5,0,0
Mohammad Kashif,11,11,450,410,9,3/42,45.55,5.46,50,0,0
Mohammad Shahzad,6,6,240,233,9,4/26,25.88,5.82,26.6,1,0
Mohammad Tauqir,11,11,491,383,9,2/38,42.55,4.68,54.5,0,0
DT Mutendera,9,9,390,334,9,3/23,37.11,5.13,43.3,0,0
JL Ontong,28,16,538,396,9,3/30,44,4.41,59.7,0,0
CAK Rajitha,9,9,353,379,9,2/17,42.11,6.44,39.2,0,0
TG Shaw,9,9,504,298,9,2/19,33.11,3.54,56,0,0
TAM Siriwardana,27,21,601,547,9,2/27,60.77,5.46,66.7,0,0
Soumya Sarkar,55,14,324,318,9,3/56,35.33,5.88,36,0,0
S Sriram,8,8,324,274,9,3/43,30.44,5.07,36,0,0
CAH Stevenson,4,4,186,149,9,3/22,16.55,4.8,20.6,0,0
ML Su'a,12,12,463,367,9,4/59,40.77,4.75,51.4,1,0
BRM Taylor,193,21,396,406,9,3/54,45.11,6.15,44,0,0
SD Udal,11,11,612,400,9,2/37,44.44,3.92,68,0,0
RM West,10,9,447,279,9,4/26,31,3.74,49.6,1,0
D Wiese,6,6,294,316,9,3/50,35.11,6.44,32.6,0,0
HS Williams,7,7,329,228,9,3/38,25.33,4.15,36.5,0,0
KOK Williams,8,7,330,293,9,4/43,32.55,5.32,36.6,1,0
B Wood,13,10,420,224,9,2/14,24.88,3.2,46.6,0,0
RA Woolmer,6,6,321,260,9,3/33,28.88,4.85,35.6,0,0
Abdur Rauf,4,4,214,212,8,3/24,26.5,5.94,26.7,0,0
RG Aga,12,11,402,320,8,2/17,40,4.77,50.2,0,0
AC Agar,9,9,432,414,8,2/48,51.75,5.75,54,0,0
SL Campbell,90,8,196,170,8,4/30,21.25,5.2,24.5,1,0
RP de Groen,12,12,549,478,8,2/34,59.75,5.22,68.6,0,0
Dolar Mahmud,7,7,210,258,8,4/28,32.25,7.37,26.2,1,0
SF Graf,11,10,522,345,8,2/23,43.12,3.96,65.2,0,0
EJ Gray,10,9,386,286,8,2/26,35.75,4.44,48.2,0,0
Hasan Jamil,6,5,232,154,8,3/18,19.25,3.98,29,0,0
BC Hollioake,20,17,642,532,8,2/37,66.5,4.97,80.2,0,0
Irfan Ahmed,6,6,290,299,8,3/51,37.37,6.18,36.2,0,0
Izatullah Dawlatzai,5,5,210,146,8,4/38,18.25,4.17,26.2,1,0
DPMD Jayawardene,448,28,593,563,8,2/56,70.37,5.69,74.1,0,0
MO Jones,12,12,458,482,8,2/25,60.25,6.31,57.2,0,0
Junaid Siddique,3,3,171,147,8,3/37,18.37,5.15,21.3,0,0
AR Kapoor,17,17,900,612,8,2/33,76.5,4.08,112.5,0,0
JF Kloppenburg,6,6,242,191,8,4/42,23.87,4.73,30.2,1,0
MKGCP Lakshitha,7,7,300,254,8,2/34,31.75,5.08,37.5,0,0
TJ Laughlin,6,6,308,224,8,3/54,28,4.36,38.5,0,0
CH Lloyd,87,10,358,210,8,2/4,26.25,3.51,44.7,0,0
ACI Lock,8,7,289,219,8,5/44,27.37,4.54,36.1,0,1
JFM Morrison,18,7,283,199,8,3/24,24.87,4.21,35.3,0,0
PWA Mulder,10,10,318,308,8,2/59,38.5,5.81,39.7,0,0
Naved Anjum,13,12,472,344,8,2/27,43,4.37,59,0,0
Nawroz Mangal,49,16,293,235,8,3/35,29.37,4.81,36.6,0,0
R Ngarava,9,9,377,409,8,2/37,51.12,6.5,47.1,0,0
A Nortje,4,4,189,150,8,3/57,18.75,4.76,23.6,0,0
NM Odhiambo,8,7,318,256,8,3/48,32,4.83,39.7,0,0
SG Peall,21,19,900,678,8,3/54,84.75,4.52,112.5,0,0
V Permaul,7,7,331,271,8,3/40,33.87,4.91,41.3,0,0
MW Priest,18,17,752,590,8,2/27,73.75,4.7,94,0,0
Qadeer Ahmed,11,11,516,467,8,2/38,58.37,5.43,64.5,0,0
HP Rinke,18,12,277,273,8,2/11,34.12,5.91,34.6,0,0
GR Robertson,13,13,597,430,8,3/29,53.75,4.32,74.6,0,0
GA Rogers,13,11,512,409,8,2/22,51.12,4.79,64,0,0
BM Scholtz,5,5,224,131,8,4/27,16.37,3.5,28,1,0
RG Sharma,221,38,593,515,8,2/27,64.37,5.21,74.1,0,0
AM Stuart,3,3,180,109,8,5/26,13.62,3.63,22.5,0,1
CEL Stuart,5,5,258,205,8,5/44,25.62,4.76,32.2,0,1
SR Taylor,9,7,229,170,8,4/23,21.25,4.45,28.6,1,0
SN Thakur,7,7,323,339,8,4/52,42.37,6.29,40.3,1,0
JD Unadkat,7,7,312,209,8,4/41,26.12,4.01,39,1,0
T van der Gugten,4,4,126,85,8,5/24,10.62,4.04,15.7,0,1
RJ van Vuuren,5,5,300,298,8,5/43,37.25,5.96,37.5,0,1
BGK Walker,11,11,438,417,8,2/43,52.12,5.71,54.7,0,0
B Warnapura,12,9,414,316,8,3/42,39.5,4.57,51.7,0,0
VJ Wells,9,8,220,189,8,3/30,23.62,5.15,27.5,0,0
BM Wheeler,6,6,309,315,8,3/63,39.37,6.11,38.6,0,0
SG Whittingham,5,5,251,224,8,3/58,28,5.35,31.3,0,0
RGCE Wijesuriya,8,8,312,287,8,2/25,35.87,5.51,39,0,0
NS Yadav,7,7,330,228,8,2/18,28.5,4.14,41.2,0,0
S Abid Ali,5,5,336,187,7,2/22,26.71,3.33,48,0,0
Aminul Islam,39,19,412,411,7,3/57,58.71,5.98,58.8,0,0
Asif Mujtaba,66,28,756,658,7,2/38,94,5.22,108,0,0
KBJ Azad,25,11,390,273,7,2/48,39,4.2,55.7,0,0
SB Bangar,15,14,442,384,7,2/39,54.85,5.21,63.1,0,0
OAC Banks,5,5,270,189,7,2/24,27,4.2,38.5,0,0
BS Bedi,10,10,590,340,7,2/44,48.57,3.45,84.2,0,0
RE Bryson,7,7,378,323,7,2/34,46.14,5.12,54,0,0
RP Burl,18,10,210,207,7,4/32,29.57,5.91,30,1,0
BE Congdon,11,10,437,287,7,2/17,41,3.94,62.4,0,0
GJ Crocker,6,6,238,208,7,4/26,29.71,5.24,34,1,0
AB de Villiers,228,9,192,202,7,2/15,28.85,6.31,27.4,0,0
DAG Fletcher,6,6,301,221,7,4/42,31.57,4.4,43,1,0
AS Hansra,24,18,445,413,7,3/27,59,5.56,63.5,0,0
CW Henderson,4,4,217,132,7,4/17,18.85,3.64,31,1,0
MC Henriques,11,10,354,306,7,3/32,43.71,5.18,50.5,0,0
AG Huckle,19,18,858,661,7,2/27,94.42,4.62,122.5,0,0
Javed Miandad,233,12,436,297,7,2/22,42.42,4.08,62.2,0,0
SP Jones,8,7,348,275,7,2/43,39.28,4.74,49.7,0,0
Kamran Shazad,4,4,222,209,7,3/41,29.85,5.64,31.7,0,0
JJ Krejza,8,8,425,331,7,2/28,47.28,4.67,60.7,0,0
Krishna Chandran,12,11,418,431,7,3/45,61.57,6.18,59.7,0,0
ML Lewis,7,7,341,391,7,3/56,55.85,6.87,48.7,0,0
Mahbubul Alam,5,5,222,280,7,2/42,40,7.56,31.7,0,0
B Mavuta,7,7,276,266,7,2/30,38,5.78,39.4,0,0
Mominul Haque,28,12,234,190,7,2/13,27.14,4.87,33.4,0,0
EA Moseley,9,8,330,278,7,2/52,39.71,5.05,47.1,0,0
C Munro,57,25,552,481,7,2/10,68.71,5.22,78.8,0,0
T Muzarabani,8,8,323,262,7,2/32,37.42,4.86,46.1,0,0
AK Patel,8,6,360,263,7,3/43,37.57,4.38,51.4,0,0
NK Patel,6,5,132,101,7,2/11,14.42,4.59,18.8,0,0
KP Pietersen,136,23,400,370,7,2/22,52.85,5.55,57.1,0,0
AM Samad,27,14,235,281,7,1/8,40.14,7.17,33.5,0,0
KD Shah,10,3,110,79,7,4/10,11.28,4.3,15.7,1,0
OA Shah,71,10,193,184,7,3/15,26.28,5.72,27.5,0,0
Shahid Mahboob,10,10,540,382,7,1/23,54.57,4.24,77.1,0,0
BB Sran,6,6,302,269,7,3/56,38.42,5.34,43.1,0,0
B Stanlake,7,7,354,324,7,3/35,46.28,5.49,50.5,0,0
GB Stevenson,4,4,192,125,7,4/33,17.85,3.9,27.4,1,0
CP Tremain,4,4,240,255,7,3/64,36.42,6.37,34.2,0,0
TE Tucker,5,5,174,157,7,4/56,22.42,5.41,24.8,1,0
SL Watkin,4,4,221,193,7,4/49,27.57,5.23,31.5,1,0
B Yardley,7,5,198,130,7,3/28,18.57,3.93,28.2,0,0
Zaheer Abbas,62,12,280,223,7,2/26,31.85,4.77,40,0,0
Zeeshan Maqsood,5,5,264,147,7,3/35,21,3.34,37.7,0,0
Aqib Ilyas,5,5,138,80,6,2/32,13.33,3.47,23,0,0
Athar Ali Khan,19,15,420,365,6,2/33,60.83,5.21,70,0,0
ID Austin,9,9,475,360,6,2/25,60,4.54,79.1,0,0
Azhar Saeed,7,7,271,213,6,3/45,35.5,4.71,45.1,0,0
IR Bell,161,6,88,88,6,3/9,14.66,6,14.6,0,0
Bilawal Bhatti,10,10,409,439,6,3/37,73.16,6.44,68.1,0,0
GE Bradburn,11,10,385,318,6,2/18,53,4.95,64.1,0,0
LJ Burger,6,6,330,297,6,3/39,49.5,5.4,55,0,0
N Deonarine,31,20,501,475,6,2/18,79.16,5.68,83.5,0,0
LHD Dilhara,9,8,330,261,6,2/30,43.5,4.74,55,0,0
SF Dukanwala,5,4,198,153,6,5/29,25.5,4.63,33,0,1
Fahad Alhashmi,5,5,224,202,6,2/39,33.66,5.41,37.3,0,0
KHRK Fernando,7,7,234,159,6,3/12,26.5,4.07,39,0,0
SC Getkate,3,3,162,120,6,2/30,20,4.44,27,0,0
JOA Gordon,5,5,204,191,6,3/26,31.83,5.61,34,0,0
MD Gunathilaka,38,18,306,296,6,3/48,49.33,5.8,51,0,0
RO Hinds,14,12,407,350,6,2/19,58.33,5.15,67.8,0,0
Imran Farhat,58,8,116,110,6,3/10,18.33,5.68,19.3,0,0
MMA Jonkman,4,4,136,113,6,3/22,18.83,4.98,22.6,0,0
Karim Sadiq,24,12,320,201,6,2/10,33.5,3.76,53.3,0,0
J Kila,6,6,199,135,6,3/27,22.5,4.07,33.1,0,0
PN Kirsten,40,8,183,152,6,3/31,25.33,4.98,30.5,0,0
BP Loots,7,7,280,287,6,3/16,47.83,6.15,46.6,0,0
PE McEwan,17,10,420,353,6,2/29,58.83,5.04,70,0,0
SCG MacGill,3,3,180,105,6,4/19,17.5,3.5,30,1,0
KA Maharaj,4,4,187,166,6,3/25,27.66,5.32,31.1,0,0
KO Meth,11,9,406,419,6,2/52,69.83,6.19,67.6,0,0
PL Mommsen,44,6,132,130,6,3/26,21.66,5.9,22,0,0
CT Mutombodzi,11,9,311,278,6,2/33,46.33,5.36,51.8,0,0
Naveen-ul-Haq,4,4,212,201,6,3/60,33.5,5.68,35.3,0,0
EO Odumbe,8,7,137,137,6,2/8,22.83,6,22.8,0,0
TK Patel,5,4,192,114,6,2/25,19,3.56,32,0,0
MJR Rindel,22,12,270,242,6,2/15,40.33,5.37,45,0,0
GK Robertson,10,10,498,321,6,2/29,53.5,3.86,83,0,0
BG Rogers,15,9,324,321,6,2/55,53.5,5.94,54,0,0
Saeed Anwar,247,13,242,191,6,2/9,31.83,4.73,40.3,0,0
Saiful Islam,7,7,303,256,6,4/36,42.66,5.06,50.5,1,0
R Sharma,4,4,206,177,6,3/43,29.5,5.15,34.3,0,0
CEW Silverwood,7,7,306,244,6,3/43,40.66,4.78,51,0,0
NMK Smith,7,6,261,190,6,3/29,31.66,4.36,43.5,0,0
G Snyman,5,5,288,281,6,3/69,46.83,5.85,48,0,0
JH Stander,5,4,150,166,6,2/25,27.66,6.64,25,0,0
DA Stirling,6,6,246,207,6,2/29,34.5,5.04,41,0,0
Taijul Islam,6,6,342,220,6,4/11,36.66,3.85,57,1,0
Talha Jubair,6,6,204,255,6,4/65,42.5,7.5,34,1,0
HP Tillakaratne,200,15,180,141,6,1/3,23.5,4.7,30,0,0
AC Voges,31,15,301,276,6,1/3,46,5.5,50.1,0,0
KPJ Warnaweera,6,6,294,200,6,2/24,33.33,4.08,49,0,0
K Weeraratne,15,14,480,385,6,3/46,64.16,4.81,80,0,0
Jai P Yadav,12,10,396,326,6,2/32,54.33,4.93,66,0,0
Zahid Shah,2,2,120,98,6,3/49,16.33,4.9,20,0,0
Abu Jayed,2,2,108,114,5,5/58,22.8,6.33,21.6,0,1
Asif Masood,7,7,402,234,5,2/9,46.8,3.49,80.4,0,0
ST Banerjee,6,6,240,202,5,3/30,40.4,5.05,48,0,0
GJ Batty,10,9,440,366,5,2/40,73.2,4.99,88,0,0
A Bhandari,2,2,106,106,5,3/31,21.2,6,21.2,0,0
Bilal Asif,3,3,132,96,5,5/25,19.2,4.36,26.4,0,1
G Boycott,36,6,168,105,5,2/14,21,3.75,33.6,0,0
D Brown,3,3,150,124,5,3/21,24.8,4.96,30,0,0
MG Burmester,8,7,209,213,5,3/36,42.6,6.11,41.8,0,0
IW Callen,5,4,180,148,5,3/24,29.6,4.93,36,0,0
J Cameron-Dow,4,4,186,151,5,3/32,30.2,4.87,37.2,0,0
TK Canning,4,4,204,203,5,2/30,40.6,5.97,40.8,0,0
NM Carter,3,3,175,132,5,3/27,26.4,4.52,35,0,0
NGB Cook,3,3,144,95,5,2/18,19,3.95,28.8,0,0
DJ Cullinan,138,9,174,124,5,2/30,24.8,4.27,34.8,0,0
BCJ Cutting,4,4,216,158,5,3/45,31.6,4.38,43.2,0,0
PC de Silva,7,7,316,256,5,2/29,51.2,4.86,63.2,0,0
NR Dyer,5,3,156,117,5,2/26,23.4,4.5,31.2,0,0
Elias Sunny,4,4,204,161,5,2/21,32.2,4.73,40.8,0,0
GM Ewing,7,7,312,236,5,3/31,47.2,4.53,62.4,0,0
Fareed Ahmad,5,4,150,143,5,3/65,28.6,5.72,30,0,0
Fawad Alam,38,13,398,377,5,1/8,75.4,5.68,79.6,0,0
MVT Fernando,8,8,297,337,5,1/35,67.4,6.8,59.4,0,0
WT Gavera,4,4,192,160,5,3/49,32,5,38.4,0,0
Gholam Nousher,9,9,408,314,5,1/27,62.8,4.61,81.6,0,0
RC Haynes,8,7,270,224,5,2/36,44.8,4.97,54,0,0
TJ Heggelman,5,3,102,86,5,3/29,17.2,5.05,20.4,0,0
IG Holland,4,4,138,100,5,3/11,20,4.34,27.6,0,0
RO Hurley,9,7,378,313,5,1/25,62.6,4.96,75.6,0,0
Ijaz Ahmed,250,28,637,476,5,2/31,95.2,4.48,127.4,0,0
Jasdeep Singh,4,4,114,104,5,4/51,20.8,5.47,22.8,1,0
Jay Odedra,2,2,120,82,5,4/34,16.4,4.1,24,1,0
S Jeganathan,5,5,276,208,5,2/45,41.6,4.52,55.2,0,0
D Joseph,4,4,186,170,5,2/42,34,5.48,37.2,0,0
Karan KC,5,5,234,199,5,2/31,39.8,5.1,46.8,0,0
RJ Kennedy,7,7,312,283,5,2/36,56.6,5.44,62.4,0,0
SC Kuggeleijn,2,2,84,58,5,3/41,11.6,4.14,16.8,0,0
JB Little,4,4,216,262,5,4/45,52.4,7.27,43.2,1,0
SW Lubbers,4,4,216,187,5,3/48,37.4,5.19,43.2,0,0
MAWR Madurasinghe,12,11,480,358,5,1/11,71.6,4.47,96,0,0
Manzoor Akhtar,7,6,199,184,5,4/50,36.8,5.54,39.8,1,0
Mohammad Hasnain,5,5,246,303,5,2/52,60.6,7.39,49.2,0,0
Mohammad Khalil,3,3,144,144,5,2/55,28.8,6,28.8,0,0
HJC Mol,11,7,182,149,5,2/17,29.8,4.91,36.4,0,0
J Mulder,4,4,186,155,5,3/57,31,5,37.2,0,0
Nadeem Ghauri,6,6,342,230,5,2/51,46,4.03,68.4,0,0
Naseer Malik,3,3,180,98,5,2/37,19.6,3.26,36,0,0
BP Nash,9,6,294,224,5,3/56,44.8,4.57,58.8,0,0
Nazmul Islam,5,5,264,224,5,2/38,44.8,5.09,52.8,0,0
TS Nethula,5,5,264,249,5,2/41,49.8,5.65,52.8,0,0
LN Oluoch,2,2,96,79,5,3/41,15.8,4.93,19.2,0,0
ARM Opatha,5,5,253,180,5,3/31,36,4.26,50.6,0,0
SMA Priyanjan,23,14,265,233,5,2/11,46.6,5.27,53,0,0
Qaiser Ali,17,6,182,132,5,3/28,26.4,4.35,36.4,0,0
DB Rundle,2,2,96,95,5,4/42,19,5.93,19.2,1,0
Saleem Altaf,6,6,285,151,5,2/7,30.2,3.17,57,0,0
IDK Salisbury,4,4,186,177,5,3/41,35.4,5.7,37.2,0,0
TAP Sekhar,4,4,156,128,5,3/23,25.6,4.92,31.2,0,0
JJ Smit,5,5,156,120,5,3/21,24,4.61,31.2,0,0
RS Sodhi,18,14,462,365,5,2/31,73,4.74,92.4,0,0
RD Steede,8,8,312,257,5,1/21,51.4,4.94,62.4,0,0
Sunzamul Islam,3,3,150,79,5,2/22,15.8,3.16,30,0,0
Tanveer Ahmed,6,6,229,208,5,2/49,41.6,5.44,45.8,0,0
MK Tiwary,12,6,132,150,5,4/61,30,6.81,26.4,1,0
GC Tonge,5,5,300,224,5,4/25,44.8,4.48,60,1,0
S Venkataraghavan,15,14,868,542,5,2/34,108.4,3.74,173.6,0,0
T Yohannan,3,3,120,122,5,3/33,24.4,6.1,24,0,0
Sultan Zarawani,7,7,264,257,5,2/49,51.4,5.84,52.8,0,0
Aamer Hanif,5,4,130,122,4,3/36,30.5,5.63,32.5,0,0
Afzaal Haider,4,4,180,227,4,1/31,56.75,7.56,45,0,0
FA Allen,12,11,360,360,4,2/40,90,6,90,0,0
J Angel,3,3,162,113,4,2/47,28.25,4.18,40.5,0,0
Ashfaq Ahmed,16,7,223,185,4,2/55,46.25,4.97,55.7,0,0
Asim Butt,5,5,222,148,4,2/24,37,4,55.5,0,0
Azhar Ali,53,14,258,260,4,2/26,65,6.04,64.5,0,0
Azhar Hossain,7,7,263,209,4,1/20,52.25,4.76,65.7,0,0
GR Beard,2,2,112,70,4,2/20,17.5,3.75,28,0,0
DM Benkenstein,23,4,65,44,4,3/5,11,4.06,16.2,0,0
MJ Bennett,8,8,408,275,4,2/27,68.75,4.04,102,0,0
Bilal Khan,4,4,222,151,4,2/32,37.75,4.08,55.5,0,0
JL Carter,33,12,136,160,4,2/14,40,7.05,34,0,0
NA David,4,4,192,133,4,3/21,33.25,4.15,48,0,0
AP Devcich,12,11,324,291,4,2/33,72.75,5.38,81,0,0
R Dravid,344,8,186,170,4,2/43,42.5,5.48,46.5,0,0
CJ Drum,5,5,216,261,4,2/31,65.25,7.25,54,0,0
Ehsan Adil,6,6,225,223,4,1/31,55.75,5.94,56.2,0,0
AJ Finch,119,19,266,239,4,1/2,59.75,5.39,66.5,0,0
N Gifford,2,2,120,50,4,4/23,12.5,2.5,30,1,0
MW Goodwin,71,15,248,210,4,1/12,52.5,5.08,62,0,0
MJ Guptill,179,11,109,98,4,2/6,24.5,5.39,27.2,0,0
R Illingworth,3,2,130,84,4,3/50,21,3.87,32.5,0,0
Ilyas Gull,2,2,114,113,4,3/46,28.25,5.94,28.5,0,0
Intikhab Alam,4,4,158,118,4,2/36,29.5,4.48,39.5,0,0
MM Iqbal,13,8,270,270,4,2/35,67.5,6,67.5,0,0
KCB Jeremy,6,5,192,163,4,2/42,40.75,5.09,48,0,0
AH Jones,87,11,306,216,4,2/42,54,4.23,76.5,0,0
Jubair Hossain,3,3,114,114,4,2/41,28.5,6,28.5,0,0
Junaid Siddiqui,9,9,400,302,4,1/20,75.5,4.53,100,0,0
K Kamyuka,2,2,47,47,4,4/38,11.75,6,11.7,1,0
E Katchay,5,5,174,143,4,3/39,35.75,4.93,43.5,0,0
V Kohli,242,48,641,665,4,1/15,166.25,6.22,160.2,0,0
BC Lara,299,5,49,61,4,2/5,15.25,7.46,12.2,0,0
B Laughlin,5,5,224,219,4,1/28,54.75,5.86,56,0,0
DV Lawrence,1,1,66,67,4,4/67,16.75,6.09,16.5,1,0
OC McCoy,2,2,84,109,4,2/38,27.25,7.78,21,0,0
A McGrath,14,7,228,175,4,1/13,43.75,4.6,57,0,0
LD Madushanka,4,4,144,172,4,2/70,43,7.16,36,0,0
T Maruma,21,9,225,230,4,2/50,57.5,6.13,56.2,0,0
Mehrab Hossain jnr,18,10,253,214,4,2/30,53.5,5.07,63.2,0,0
JP Millmow,5,5,270,232,4,2/22,58,5.15,67.5,0,0
Mohammad Talha,3,3,122,146,4,2/22,36.5,7.18,30.5,0,0
Mosharraf Hossain,5,5,198,147,4,3/24,36.75,4.45,49.5,0,0
AMN Munasinghe,5,5,217,146,4,3/30,36.5,4.03,54.2,0,0
Nizakat Khan,20,6,145,119,4,1/11,29.75,4.92,36.2,0,0
G Onions,4,4,204,185,4,2/58,46.25,5.44,51,0,0
SD Parry,2,2,114,92,4,3/32,23,4.84,28.5,0,0
BJ Patel,31,8,165,163,4,2/20,40.75,5.92,41.2,0,0
D Paterson,4,4,209,217,4,3/44,54.25,6.22,52.2,0,0
MR Ramprakash,18,5,132,108,4,3/28,27,4.9,33,0,0
B Regmi,4,4,174,117,4,2/49,29.25,4.03,43.5,0,0
AM Salvi,4,4,172,120,4,2/15,30,4.18,43,0,0
JA Samarasekera,7,7,294,236,4,1/17,59,4.81,73.5,0,0
Shaiman Anwar,40,7,117,134,4,3/61,33.5,6.87,29.2,0,0
V Shankar,12,9,233,210,4,2/15,52.5,5.4,58.2,0,0
Sheikh Salahuddin,6,6,246,249,4,2/48,62.25,6.07,61.5,0,0
ED Solkar,7,6,252,169,4,2/31,42.25,4.02,63,0,0
BR Taylor,2,2,114,62,4,3/25,15.5,3.26,28.5,0,0
DJ Terbrugge,4,4,126,105,4,4/20,26.25,5,31.5,1,0
ME Trescothick,123,13,232,219,4,2/7,54.75,5.66,58,0,0
AJ Tudor,3,3,127,136,4,2/30,34,6.42,31.7,0,0
RG Twose,87,11,272,235,4,2/31,58.75,5.18,68,0,0
PS Vaidya,4,4,184,174,4,2/41,43.5,5.67,46,0,0
PA van Meekeren,5,5,210,161,4,2/30,40.25,4.6,52.5,0,0
LP van Troost,23,11,246,280,4,2/29,70,6.82,61.5,0,0
MDJ Walker,3,3,132,119,4,4/49,29.75,5.4,33,1,0
HR Walsh,5,5,160,160,4,3/36,40,6,40,0,0
KD Walters,28,10,314,273,4,2/24,68.25,5.21,78.5,0,0
RJ Webb,3,3,161,105,4,2/28,26.25,3.91,40.2,0,0
JW Wilson,6,6,242,260,4,2/21,65,6.44,60.5,0,0
Yasir Arafat,11,10,414,373,4,1/28,93.25,5.4,103.5,0,0
B Yograj Singh,6,5,244,186,4,2/44,46.5,4.57,61,0,0
Zaheer Maqsood,2,2,120,116,4,2/56,29,5.8,30,0,0
Zulfiqar Ali,3,3,210,166,4,3/63,41.5,4.74,52.5,0,0
Zulfiqar Babar,5,5,294,246,4,2/52,61.5,5.02,73.5,0,0
NP Kenjige,4,4,156,129,3,1/26,43,4.96,52,0,0
Aamer Malik,24,5,120,86,3,2/35,28.66,4.3,40,0,0
JS Ababu,9,8,288,255,3,1/26,85,5.31,96,0,0
Abu Hider,2,2,108,89,3,2/50,29.66,4.94,36,0,0
JP Agnew,3,3,126,120,3,3/38,40,5.71,42,0,0
CR Amini,2,2,108,79,3,2/33,26.33,4.38,36,0,0
HAG Anthony,3,3,156,143,3,2/47,47.66,5.5,52,0,0
Asghar Afghan,111,7,139,91,3,1/1,30.33,3.92,46.3,0,0
AM Bacher,13,3,108,64,3,2/36,21.33,3.55,36,0,0
HK Badani,40,9,183,149,3,1/7,49.66,4.88,61,0,0
PJ Bakker,5,5,258,215,3,2/51,71.66,5,86,0,0
RL Bhudia,5,5,180,151,3,2/42,50.33,5.03,60,0,0
Bhupinder Singh snr,2,2,102,78,3,3/34,26,4.58,34,0,0
RJ Bright,11,10,462,350,3,1/28,116.66,4.54,154,0,0
AJ Burger,6,5,96,104,3,1/18,34.66,6.5,32,0,0
DK Butler,5,5,246,188,3,1/25,62.66,4.58,82,0,0
SJ Cameron,2,2,109,123,3,2/64,41,6.77,36.3,0,0
PE Cantrell,5,5,186,170,3,1/18,56.66,5.48,62,0,0
BS Chandrasekhar,1,1,56,36,3,3/36,12,3.85,18.6,0,0
U Chatterjee,3,3,161,117,3,2/35,39,4.36,53.6,0,0
WM Clark,2,2,100,61,3,2/39,20.33,3.66,33.3,0,0
LA Dawson,3,2,84,96,3,2/70,32,6.85,28,0,0
NA de Groot,6,3,81,88,3,2/45,29.33,6.51,27,0,0
RL Dias,58,6,56,70,3,3/25,23.33,7.5,18.6,0,0
BL D'Oliveira,4,4,204,140,3,1/19,46.66,4.11,68,0,0
KG Duers,6,6,300,256,3,1/17,85.33,5.12,100,0,0
Ehsanul Haque,6,3,141,113,3,2/34,37.66,4.8,47,0,0
Fawad Ahmed,3,3,144,145,3,1/39,48.33,6.04,48,0,0
Fayyaz Butt,5,5,198,165,3,2/28,55,5,66,0,0
IS Gallage,3,3,144,115,3,2/42,38.33,4.79,48,0,0
JC Gamage,4,4,132,104,3,2/17,34.66,4.72,44,0,0
B Geeves,2,2,90,78,3,2/11,26,5.2,30,0,0
RS Ghai,6,6,275,260,3,1/38,86.66,5.67,91.6,0,0
AP Grayson,2,2,90,60,3,3/40,20,4,30,0,0
Haafiz Shahid,3,3,127,112,3,2/56,37.33,5.29,42.3,0,0
GM Hamilton,38,6,220,160,3,2/36,53.33,4.36,73.3,0,0
PL Harris,3,3,180,83,3,2/30,27.66,2.76,60,0,0
Hasti Gul,2,2,114,73,3,2/48,24.33,3.84,38,0,0
KC Hodsoll,3,3,102,100,3,2/48,33.33,5.88,34,0,0
CK Hooper,5,5,169,181,3,1/17,60.33,6.42,56.3,0,0
GP Howarth,70,7,90,68,3,1/4,22.66,4.53,30,0,0
Inzamam-ul-Haq,378,6,58,64,3,1/0,21.33,6.62,19.3,0,0
Iqbal Sikander,4,4,210,147,3,1/30,49,4.2,70,0,0
SD Jack,2,2,108,86,3,2/41,28.66,4.77,36,0,0
GSNFG Jayasuriya,12,11,312,277,3,1/15,92.33,5.32,104,0,0
DM Jones,164,8,106,81,3,2/34,27,4.58,35.3,0,0
Junaid Zia,4,4,145,127,3,3/21,42.33,5.25,48.3,0,0
AI Kallicharran,31,4,105,64,3,2/10,21.33,3.65,35,0,0
Kamran Hussain,2,2,102,67,3,2/32,22.33,3.94,34,0,0
Khalid Khan,2,2,108,93,3,2/62,31,5.16,36,0,0
BL Kotze,5,5,258,276,3,2/51,92,6.41,86,0,0
BP Kruger,5,5,184,131,3,3/21,43.66,4.27,61.3,0,0
DSK Madushanka,1,1,37,26,3,3/26,8.66,4.21,12.3,0,0
AK Markram,26,6,120,132,3,2/18,44,6.6,40,0,0
RAL Massie,3,3,183,129,3,2/35,43,4.22,61,0,0
Mehmood Quaraishy,3,2,108,94,3,2/55,31.33,5.22,36,0,0
JM Mennie,2,2,120,131,3,3/49,43.66,6.55,40,0,0
PL Mhambrey,3,3,126,120,3,2/69,40,5.71,42,0,0
A Mithun,5,5,180,203,3,2/32,67.66,6.76,60,0,0
Mohammad Nazir,4,4,222,156,3,2/37,52,4.21,74,0,0
GMC Mol,6,6,162,111,3,2/23,37,4.11,54,0,0
N M'shangwe,6,6,336,260,3,2/50,86.66,4.64,112,0,0
Najeeb Amar,4,4,240,172,3,2/40,57.33,4.3,80,0,0
Nasir Aziz,5,5,264,257,3,1/50,85.66,5.84,88,0,0
N Ncube,1,1,53,69,3,3/69,23,7.81,17.6,0,0
RG Nijman,1,1,49,31,3,3/31,10.33,3.79,16.3,0,0
D Olivier,2,2,114,124,3,2/73,41.33,6.52,38,0,0
A Patel,2,2,60,73,3,3/41,24.33,7.3,20,0,0
Pervez Mir,3,3,122,77,3,1/17,25.66,3.78,40.6,0,0
RT Ponting,375,5,150,104,3,1/12,34.66,4.16,50,0,0
GD Porter,2,2,108,33,3,2/13,11,1.83,36,0,0
R Powell,34,13,245,243,3,1/7,81,5.95,81.6,0,0
D Ramnarine,4,4,200,164,3,2/52,54.66,4.92,66.6,0,0
SK Ranasinghe,4,4,126,96,3,1/28,32,4.57,42,0,0
AT Rayudu,55,9,121,124,3,1/5,41.33,6.14,40.3,0,0
Sabbir Rahman,66,21,306,345,3,1/12,115,6.76,102,0,0
Saleem Raza,6,6,192,179,3,1/17,59.66,5.59,64,0,0
GS Sandhu,2,2,120,107,3,2/49,35.66,5.35,40,0,0
Sarandeep Singh,5,5,258,180,3,2/34,60,4.18,86,0,0
KF Semple,7,4,132,121,3,2/35,40.33,5.5,44,0,0
Shahid Saeed,10,7,222,159,3,2/20,53,4.29,74,0,0
R Shepherd,3,3,110,101,3,2/32,33.66,5.5,36.6,0,0
L Siaka,25,11,204,146,3,2/33,48.66,4.29,68,0,0
V Sibanda,127,11,267,265,3,1/12,88.33,5.95,89,0,0
D Soraine,4,3,113,94,3,2/57,31.33,4.99,37.6,0,0
KR Stackpole,6,2,77,54,3,3/40,18,4.2,25.6,0,0
LW Stott,1,1,72,48,3,3/48,16,4,24,0,0
GP Sulzberger,3,3,132,102,3,1/28,34,4.63,44,0,0
MR Swart,12,11,366,306,3,1/21,102,5.01,122,0,0
AR Tait,5,5,120,88,3,2/37,29.33,4.4,40,0,0
HDRL Thirimanne,127,4,104,94,3,2/36,31.33,5.42,34.6,0,0
JG Thomas,3,3,156,144,3,2/59,48,5.53,52,0,0
FJ Titmus,2,1,56,53,3,3/53,17.66,5.67,18.6,0,0
MS Tshabalala,4,4,150,151,3,1/30,50.33,6.04,50,0,0
S Tyagi,4,4,165,144,3,1/15,48,5.23,55,0,0
JN Valentine,3,3,114,66,3,1/18,22,3.47,38,0,0
Wajahatullah Wasti,15,3,55,69,3,3/36,23,7.52,18.3,0,0
LJ Woodcock,4,4,164,155,3,2/58,51.66,5.67,54.6,0,0
HN Ya France,4,4,138,96,3,2/31,32,4.17,46,0,0
GN Yallop,30,4,138,119,3,2/28,39.66,5.17,46,0,0
Younis Khan,265,20,284,288,3,1/3,96,6.08,94.6,0,0
Zafar Iqbal,8,7,198,137,3,2/37,45.66,4.15,66,0,0
Zahid Ahmed,2,2,96,61,3,2/24,20.33,3.81,32,0,0
Aamer Yamin,4,4,156,154,2,1/38,77,5.92,78,0,0
Aamir Kaleem,2,2,77,54,2,2/30,27,4.2,38.5,0,0
Abdullah Mazari,2,2,96,49,2,1/18,24.5,3.06,48,0,0
Ahmed Shehzad,81,9,115,140,2,1/22,70,7.3,57.5,0,0
Ali Asad,2,2,120,73,2,2/35,36.5,3.65,60,0,0
DI Allan,5,4,112,80,2,1/22,40,4.28,56,0,0
GJAF Aponso,5,5,242,257,2,1/57,128.5,6.37,121,0,0
Asad Ali,4,4,180,115,2,1/22,57.5,3.83,90,0,0
SV Bahutule,8,7,294,283,2,1/31,141.5,5.77,147,0,0
A Balbirnie,64,3,60,68,2,1/26,34,6.8,30,0,0
MRCN Bandaratilleke,3,3,144,111,2,2/34,55.5,4.62,72,0,0
MD Bates,2,2,84,52,2,1/24,26,3.71,42,0,0
S Bau,21,6,180,124,2,2/35,62,4.13,90,0,0
LS Bhandari,1,1,54,43,2,2/43,21.5,4.77,27,0,0
DR Briggs,1,1,60,39,2,2/39,19.5,3.9,30,0,0
JE Brinkley,5,3,168,117,2,1/29,58.5,4.17,84,0,0
BS Browne,4,4,180,156,2,2/50,78,5.2,90,0,0
PH Carlson,4,3,168,70,2,1/21,35,2.5,84,0,0
DL Chahar,3,3,126,129,2,1/37,64.5,6.14,63,0,0
IM Chappell,16,2,42,23,2,2/14,11.5,3.28,21,0,0
GA Cope,2,2,112,35,2,1/16,17.5,1.87,56,0,0
CS Cowdrey,3,2,52,55,2,1/3,27.5,6.34,26,0,0
DJ Cullen,5,5,213,147,2,2/25,73.5,4.14,106.5,0,0
SM Curran,2,2,72,90,2,2/44,45,7.5,36,0,0
DDP D'Silva,3,2,102,71,2,2/20,35.5,4.17,51,0,0
D Daesrath,4,2,72,48,2,1/13,24,4,36,0,0
RR David,4,4,96,74,2,2/30,37,4.62,48,0,0
DLS de Silva,2,2,120,54,2,2/36,27,2.7,60,0,0
BR Dorey,4,4,162,146,2,1/12,73,5.4,81,0,0
F du Plessis,143,11,192,189,2,1/8,94.5,5.9,96,0,0
CE Eksteen,6,6,222,181,2,1/26,90.5,4.89,111,0,0
D Elgar,8,4,96,67,2,1/11,33.5,4.18,48,0,0
KADM Fernando,1,1,42,13,2,2/13,6.5,1.85,21,0,0
MLC Foster,2,1,30,22,2,2/22,11,4.4,15,0,0
RC Fredericks,12,1,10,10,2,2/10,5,6,5,0,0
D Gamage,3,3,95,83,2,1/26,41.5,5.24,47.5,0,0
WCA Ganegama,4,3,66,88,2,2/27,44,8,33,0,0
Gazi Ashraf,7,3,51,33,2,1/7,16.5,3.88,25.5,0,0
LR Gibbs,3,3,156,59,2,1/12,29.5,2.26,78,0,0
Golam Faruq,5,5,186,116,2,1/22,58,3.74,93,0,0
MS Gony,2,2,78,76,2,2/65,38,5.84,39,0,0
TR Gripper,8,6,120,76,2,2/28,38,3.8,60,0,0
TGJ Gruijters,5,4,120,79,2,2/37,39.5,3.95,60,0,0
Hammad Azam,11,8,198,169,2,1/21,84.5,5.12,99,0,0
SM Harwood,1,1,60,57,2,2/57,28.5,5.7,30,0,0
R Hekure,1,1,60,32,2,2/32,16,3.2,30,0,0
CC Henry,2,2,90,53,2,2/27,26.5,3.53,45,0,0
O Henry,3,3,149,125,2,1/31,62.5,5.03,74.5,0,0
H Hiri,7,4,60,56,2,1/6,28,5.6,30,0,0
RG Holland,2,2,126,99,2,2/49,49.5,4.71,63,0,0
MEK Hussey,185,13,240,235,2,1/22,117.5,5.87,120,0,0
AP Igglesden,4,4,168,122,2,2/12,61,4.35,84,0,0
Irfan Bhatti,1,1,48,22,2,2/22,11,2.75,24,0,0
Jahangir Shah,5,5,234,172,2,2/23,86,4.41,117,0,0
K Jethi,3,3,102,85,2,2/39,42.5,5,51,0,0
LWS Kaluperuma,4,4,208,137,2,1/35,68.5,3.95,104,0,0
SHT Kandamby,39,9,174,173,2,2/37,86.5,5.96,87,0,0
CK Kapugedera,102,10,264,225,2,1/24,112.5,5.11,132,0,0
VJ Kingma,3,3,126,107,2,1/47,53.5,5.09,63,0,0
DB Kotze,6,6,282,256,2,1/32,128,5.44,141,0,0
GJP Kruger,3,3,138,139,2,1/43,69.5,6.04,69,0,0
NR Kumar,16,2,66,63,2,2/40,31.5,5.72,33,0,0
AV Lalcheta,2,2,84,62,2,2/35,31,4.42,42,0,0
Liaqat Ali,3,3,188,111,2,1/41,55.5,3.54,94,0,0
J Louw,3,3,156,148,2,1/45,74,5.69,78,0,0
GD McKenzie,1,1,60,22,2,2/22,11,2.2,30,0,0
Mansoor Akhtar,41,9,138,110,2,1/7,55,4.78,69,0,0
GC Martin,5,4,132,95,2,1/15,47.5,4.31,66,0,0
SC Meaker,2,2,114,110,2,1/45,55,5.78,57,0,0
KP Meiyappan,2,2,108,78,2,2/39,39,4.33,54,0,0
Mohammed Qasim,5,3,120,71,2,1/13,35.5,3.55,60,0,0
Morshed Ali Khan,3,3,138,85,2,1/26,42.5,3.69,69,0,0
PV Mpitsang,2,2,60,63,2,2/49,31.5,6.3,30,0,0
J Mubarak,40,8,129,95,2,1/10,47.5,4.41,64.5,0,0
SP Mukherjee,3,3,174,98,2,1/30,49,3.37,87,0,0
MG Neser,2,2,100,120,2,2/46,60,7.2,50,0,0
IA Nicolson,2,2,72,118,2,1/44,59,9.83,36,0,0
KJ O'Keeffe,2,2,132,79,2,1/36,39.5,3.59,66,0,0
DR O'Sullivan,3,3,168,123,2,1/38,61.5,4.39,84,0,0
Parvez Rasool,1,1,60,60,2,2/60,30,6,30,0,0
RR Patel,39,7,168,135,2,1/14,67.5,4.82,84,0,0
R Pathan,1,1,36,50,2,2/50,25,8.33,18,0,0
J Patraj,2,2,90,76,2,1/27,38,5.06,45,0,0
HSM Pieris,3,3,132,135,2,2/68,67.5,6.13,66,0,0
NV Radford,6,6,348,230,2,1/32,115,3.96,174,0,0
P Raho,1,1,45,32,2,2/32,16,4.26,22.5,0,0
WV Raman,27,7,162,170,2,1/23,85,6.29,81,0,0
AN Ranasinghe,9,8,324,281,2,1/21,140.5,5.2,162,0,0
NLK Ratnayake,2,2,101,98,2,1/39,49,5.82,50.5,0,0
RA Reifer,2,2,53,54,2,2/23,27,6.11,26.5,0,0
GJ Rennie,40,4,90,75,2,1/17,37.5,5,45,0,0
CEB Rice,3,3,138,114,2,1/46,57,4.95,69,0,0
EJ Richardson,2,2,66,54,2,2/39,27,4.9,33,0,0
Rizwan Latif,1,1,54,69,2,2/69,34.5,7.66,27,0,0
Robiul Islam,3,3,133,117,2,1/21,58.5,5.27,66.5,0,0
LN Roche,3,3,138,157,2,1/54,78.5,6.82,69,0,0
Rokhan Barakzai,1,1,60,45,2,2/45,22.5,4.5,30,0,0
Saadat Ali,8,2,27,29,2,2/24,14.5,6.44,13.5,0,0
Sadiq Mohammad,19,2,38,26,2,2/20,13,4.1,19,0,0
NA Saini,1,1,60,58,2,2/58,29,5.8,30,0,0
Sajjad Akbar,2,1,60,45,2,2/45,22.5,4.5,30,0,0
RB Simpson,2,2,102,95,2,2/30,47.5,5.58,51,0,0
CL Smith,4,2,36,28,2,2/8,14,4.66,18,0,0
Sohail Butt,2,2,78,79,2,2/52,39.5,6.07,39,0,0
RW Staple,2,1,60,76,2,2/76,38,7.6,30,0,0
PC Strydom,10,7,252,206,2,1/18,103,4.9,126,0,0
T Taibu,150,2,84,61,2,2/42,30.5,4.35,42,0,0
Tanvir Ahmed,2,2,60,83,2,1/38,41.5,8.3,30,0,0
DC Thomas,21,1,7,11,2,2/11,5.5,9.42,3.5,0,0
PIC Thompson,2,2,114,110,2,1/46,55,5.78,57,0,0
GP Thorpe,82,5,120,97,2,2/15,48.5,4.85,60,0,0
IJL Trott,68,10,183,166,2,2/31,83,5.44,91.5,0,0
CM Tuckett,1,1,48,41,2,2/41,20.5,5.12,24,0,0
M van Jaarsveld,11,2,31,18,2,1/0,9,3.48,15.5,0,0
M Venkataramana,1,1,60,36,2,2/36,18,3.6,30,0,0
C Viljoen,2,2,30,14,2,2/6,7,2.8,15,0,0
KP Walmsley,2,2,120,117,2,1/53,58.5,5.85,60,0,0
GD Watson,2,1,48,28,2,2/28,14,3.5,24,0,0
DS Wesonga,4,1,42,28,2,2/28,14,4,21,0,0
RK Whelan,2,2,90,99,2,1/43,49.5,6.6,45,0,0
CM Willoughby,3,3,168,148,2,2/39,74,5.28,84,0,0
Yamin Ahmadzai,4,4,160,139,2,1/23,69.5,5.21,80,0,0
Zafar Gohar,1,1,60,54,2,2/54,27,5.4,30,0,0
Zahid Hussain,2,2,120,94,2,1/37,47,4.7,60,0,0
MZ Zahir,1,1,30,35,2,2/35,17.5,7,15,0,0
Zahir Khan,1,1,60,55,2,2/55,27.5,5.5,30,0,0
Aamer Hameed,2,2,88,38,1,1/32,38,2.59,88,0,0
SA Abbott,1,1,30,25,1,1/25,25,5,30,0,0
Ahmed Kamal,1,1,30,39,1,1/39,39,7.8,30,0,0
DS Airee,6,3,78,51,1,1/19,51,3.92,78,0,0
GW Aldridge,2,2,114,98,1,1/45,98,5.15,114,0,0
Ali Khan,1,1,30,23,1,1/23,23,4.6,30,0,0
Aminul Islam jnr,1,1,30,33,1,1/33,33,6.6,30,0,0
Arshad Ali,4,3,102,105,1,1/5,105,6.17,102,0,0
Arshad Laeeq,6,6,198,198,1,1/25,198,6,198,0,0
B Arun,4,4,102,103,1,1/43,103,6.05,102,0,0
Asim Saeed,2,2,54,40,1,1/25,40,4.44,54,0,0
KMC Bandara,1,1,60,83,1,1/83,83,8.3,60,0,0
Basil Hameed,3,1,12,10,1,1/10,10,5,12,0,0
Basit Ali,50,2,30,21,1,1/17,21,4.2,30,0,0
RR Beaton,2,2,102,102,1,1/60,102,6,102,0,0
JE Benjamin,2,2,72,47,1,1/22,47,3.91,72,0,0
K Birkenstock,5,1,6,5,1,1/5,5,5,6,0,0
BR Blair,14,2,30,34,1,1/7,34,6.8,30,0,0
GK Bose,1,1,66,39,1,1/39,39,3.54,66,0,0
BP Bracewell,1,1,66,41,1,1/41,41,3.72,66,0,0
KC Brathwaite,10,5,152,140,1,1/56,140,5.52,152,0,0
VR Brown,3,2,66,75,1,1/24,75,6.81,66,0,0
DE Budge,3,2,36,26,1,1/21,26,4.33,36,0,0
MG Burgess,26,3,74,69,1,1/10,69,5.59,74,0,0
RG Callender,2,2,54,26,1,1/14,26,2.88,54,0,0
LOB Cann,26,4,100,129,1,1/34,129,7.74,100,0,0
SJ Chalmers,2,2,60,49,1,1/34,49,4.9,60,0,0
S Chattergoon,18,4,80,48,1,1/1,48,3.6,80,0,0
MT Chinouya,2,2,66,50,1,1/36,50,4.54,66,0,0
KJ Coetzer,59,7,179,203,1,1/35,203,6.8,179,0,0
MJ Cosgrove,3,2,30,13,1,1/1,13,2.6,30,0,0
CJ Dala,2,2,102,121,1,1/57,121,7.11,102,0,0
Dawlat Ahmadzai,3,3,112,121,1,1/40,121,6.48,112,0,0
TN de Grooth,34,1,6,2,1,1/2,2,2,6,0,0
BFW de Leede,3,2,23,15,1,1/3,15,3.91,23,0,0
JL Denly,13,3,66,60,1,1/24,60,5.45,66,0,0
R Dhawan,3,3,150,160,1,1/74,160,6.4,150,0,0
MS Dhoni,350,2,36,31,1,1/14,31,5.16,36,0,0
PS Eaglestone,1,1,42,60,1,1/60,60,8.57,42,0,0
GN Edwards,6,1,6,5,1,1/5,5,5,6,0,0
Faisal Hossain,6,2,73,53,1,1/27,53,4.35,73,0,0
Fakhar Zaman,46,7,135,111,1,1/19,111,4.93,135,0,0
TL Fernando,1,1,18,16,1,1/16,16,5.33,18,0,0
SP Fleming,280,3,29,28,1,1/8,28,5.79,29,0,0
MJ Fourie,7,5,179,128,1,1/33,128,4.29,179,0,0
AN French,2,2,72,67,1,1/51,67,5.58,72,0,0
AD Gaekwad,15,1,48,39,1,1/39,39,4.87,48,0,0
D Ganesh,1,1,30,20,1,1/20,20,4,30,0,0
TN Garwe,1,1,36,50,1,1/50,50,8.33,36,0,0
RS Gavaskar,11,2,72,74,1,1/56,74,6.16,72,0,0
SM Gavaskar,108,4,20,25,1,1/10,25,7.5,20,0,0
BD Glover,1,1,60,37,1,1/37,37,3.7,60,0,0
Y Goonasekera,3,2,36,35,1,1/24,35,5.83,36,0,0
EL Gouka,3,2,22,51,1,1/32,51,13.9,22,0,0
VD Grandia,1,1,30,40,1,1/40,40,8,30,0,0
CG Greenidge,128,2,60,45,1,1/21,45,4.5,60,0,0
RD Gudhka,2,2,78,60,1,1/41,60,4.61,78,0,0
Habibul Bashar,111,6,175,142,1,1/31,142,4.86,175,0,0
LJ Hamilton,2,2,108,143,1,1/76,143,7.94,108,0,0
JR Hammond,1,1,54,41,1,1/41,41,4.55,54,0,0
MJ Haslam,1,1,30,28,1,1/28,28,5.6,30,0,0
DL Hemp,22,4,114,119,1,1/25,119,6.26,114,0,0
BE Hendricks,4,3,126,106,1,1/50,106,5.04,126,0,0
RR Hendricks,18,3,42,47,1,1/13,47,6.71,42,0,0
BJ Hodge,25,3,66,51,1,1/17,51,4.63,66,0,0
DW Hookes,39,3,29,28,1,1/2,28,5.79,29,0,0
DL Houghton,63,1,12,19,1,1/19,19,9.5,12,0,0
Iftikhar Ahmed,4,4,138,101,1,1/31,101,4.39,138,0,0
Ijaz Ahmed jnr,2,2,30,25,1,1/9,25,5,30,0,0
Imran Nazir,79,4,49,48,1,1/3,48,5.87,49,0,0
F Jansen,2,2,54,62,1,1/40,62,6.88,54,0,0
PS Jayaprakashdaran,1,1,36,21,1,1/21,21,3.5,36,0,0
TE Jesty,10,4,108,93,1,1/23,93,5.16,108,0,0
Joginder Sharma,4,4,150,115,1,1/28,115,4.6,150,0,0
HR Johnson,2,2,60,69,1,1/26,69,6.9,60,0,0
S Jyoti,14,4,120,90,1,1/26,90,4.5,120,0,0
VG Kambli,104,1,4,7,1,1/7,7,10.5,4,0,0
Kashif Raza,1,1,30,36,1,1/36,36,7.2,30,0,0
GE Kidd,6,5,216,172,1,1/27,172,4.77,216,0,0
R Lamba,32,3,19,20,1,1/9,20,6.31,19,0,0
D Lloyd,8,1,12,3,1,1/3,3,1.5,12,0,0
JL Louw,1,1,60,60,1,1/60,60,6,60,0,0
SV Manjrekar,74,3,8,10,1,1/2,10,7.5,8,0,0
AV Mankad,1,1,35,47,1,1/47,47,8.05,35,0,0
Mansoor Amjad,1,1,48,44,1,1/44,44,5.5,48,0,0
AW Mathieson,1,1,24,40,1,1/40,40,10,24,0,0
DES Maxwell,10,3,72,70,1,1/23,70,5.83,72,0,0
PHKD Mendis,2,2,84,79,1,1/45,79,5.64,84,0,0
T Mishra,42,2,9,12,1,1/6,12,8,9,0,0
Mohammad Abbas,3,3,162,153,1,1/44,153,5.66,162,0,0
Mohammad Yousuf,288,2,2,1,1,1/0,1,3,2,0,0
Mohsin Khan,75,2,12,5,1,1/2,5,2.5,12,0,0
Mujahid Jamshed,4,1,24,6,1,1/6,6,1.5,24,0,0
W Mwayenga,3,3,126,157,1,1/61,157,7.47,126,0,0
J Nagenda,1,1,54,50,1,1/50,50,5.55,54,0,0
PG Nana,3,3,173,116,1,1/34,116,4.02,173,0,0
DP Nannes,1,1,42,20,1,1/20,20,2.85,42,0,0
SV Nayak,4,4,222,161,1,1/51,161,4.35,222,0,0
A Ndlovu,2,2,102,80,1,1/29,80,4.7,102,0,0
Neeyamur Rashid,2,2,78,66,1,1/46,66,5.07,78,0,0
A Neill,1,1,55,24,1,1/24,24,2.61,55,0,0
AA Noffke,1,1,54,46,1,1/46,46,5.11,54,0,0
SD Outerbridge,23,7,120,94,1,1/11,94,4.7,120,0,0
JS Paris,2,2,96,93,1,1/40,93,5.81,96,0,0
JM Parker,24,1,16,10,1,1/10,10,3.75,16,0,0
AJ Penn,5,5,159,201,1,1/50,201,7.58,159,0,0
N Phillip,1,1,42,22,1,1/22,22,3.14,42,0,0
PM Pushpakumara,2,2,114,105,1,1/40,105,5.52,114,0,0
S Ramesh,24,3,36,38,1,1/23,38,6.33,36,0,0
N Ranatunga,2,2,102,82,1,1/33,82,4.82,102,0,0
SHA Rance,2,2,105,110,1,1/44,110,6.28,105,0,0
U Ranchod,3,3,174,130,1,1/44,130,4.48,174,0,0
DW Randall,49,1,2,2,1,1/2,2,6,2,0,0
Randhir Singh,2,2,72,48,1,1/30,48,4,72,0,0
SS Raul,2,2,36,27,1,1/13,27,4.5,36,0,0
Raza-ur-Rehman,6,5,122,128,1,1/59,128,6.29,122,0,0
Raza Hasan,1,1,60,68,1,1/68,68,6.8,60,0,0
V Razdan,3,3,84,77,1,1/37,77,5.5,84,0,0
CA Reid,2,2,78,63,1,1/37,63,4.84,78,0,0
RB Reid,9,1,7,13,1,1/13,13,11.14,7,0,0
RB Richardson,224,6,58,46,1,1/4,46,4.75,58,0,0
ADG Roberts,1,1,56,30,1,1/30,30,3.21,56,0,0
RJ Robinson,3,3,138,170,1,1/57,170,7.39,138,0,0
TS Roland-Jones,1,1,42,34,1,1/34,34,4.85,42,0,0
LC Romero,2,1,24,52,1,1/52,52,13,24,0,0
RR Rossouw,36,3,45,44,1,1/17,44,5.86,45,0,0
Sameer Zia,1,1,60,44,1,1/44,44,4.4,60,0,0
Saqib Ali,5,2,60,57,1,1/44,57,5.7,60,0,0
Saqib Zulfiqar,1,1,42,49,1,1/49,49,7,42,0,0
Sayed Shirzad,2,1,48,56,1,1/56,56,7,48,0,0
BN Schultz,1,1,54,35,1,1/35,35,3.88,54,0,0
BB Seebaran,4,3,108,130,1,1/61,130,7.22,108,0,0
RK Sethi,3,3,120,100,1,1/51,100,5,120,0,0
Shehzad Altaf,2,2,78,37,1,1/15,37,2.84,78,0,0
Shakeel Khan,1,1,54,50,1,1/50,50,5.55,54,0,0
M Shezi,1,1,36,8,1,1/8,8,1.33,36,0,0
LR Shukla,3,3,114,94,1,1/25,94,4.94,114,0,0
K Shuttleworth,1,1,56,29,1,1/29,29,3.1,56,0,0
LPC Silva,75,2,42,33,1,1/21,33,4.71,42,0,0
LMP Simmons,68,12,156,172,1,1/3,172,6.61,156,0,0
RP Singh,2,2,82,77,1,1/58,77,5.63,82,0,0
MA Small,2,2,84,54,1,1/40,54,3.85,84,0,0
RAJ Smith,2,2,90,97,1,1/34,97,6.46,90,0,0
S Snater,2,2,71,63,1,1/41,63,5.32,71,0,0
GS Sobers,1,1,63,31,1,1/31,31,2.95,63,0,0
Sohaib Maqsood,26,4,54,42,1,1/16,42,4.66,54,0,0
VS Solanki,51,7,111,105,1,1/17,105,5.67,111,0,0
OP Stone,4,3,96,97,1,1/23,97,6.06,96,0,0
GM Strydom,12,4,66,61,1,1/28,61,5.54,66,0,0
R Strydom,9,1,48,63,1,1/63,63,7.87,48,0,0
Subashis Roy,1,1,60,45,1,1/45,45,4.5,60,0,0
Syed Maqsood,2,2,66,84,1,1/60,84,7.63,66,0,0
Tanvir Mehdi,1,1,66,72,1,1/72,72,6.54,66,0,0
Taufeeq Umar,22,3,72,85,1,1/49,85,7.08,72,0,0
GJ Thompson,3,3,72,73,1,1/35,73,6.08,72,0,0
AL Thomson,1,1,64,22,1,1/22,22,2.06,64,0,0
Tushar Imran,41,5,126,103,1,1/24,103,4.9,126,0,0
Umair Ali,2,2,108,125,1,1/65,125,6.94,108,0,0
Usman Ghani,15,2,38,34,1,1/21,34,5.36,38,0,0
BO van Rooi,3,3,120,119,1,1/24,119,5.95,120,0,0
MA Vermeulen,43,1,5,5,1,1/5,5,6,5,0,0
M Vijay,17,2,36,37,1,1/19,37,6.16,36,0,0
L Vincent,102,3,20,25,1,1/0,25,7.5,20,0,0
Waheed Ahmed,2,2,30,29,1,1/20,29,5.8,30,0,0
Washington Sundar,1,1,60,65,1,1/65,65,6.5,60,0,0
Wasim Haider,3,3,114,79,1,1/36,79,4.15,114,0,0
S Weerakoon,2,1,60,49,1,1/49,49,4.9,60,0,0
BA Westdijk,4,4,156,195,1,1/56,195,7.5,156,0,0
S Wettimuny,35,6,57,70,1,1/13,70,7.36,57,0,0
CG Williams,5,4,126,91,1,1/37,91,4.33,126,0,0
SC Williams,57,1,24,30,1,1/30,30,7.5,24,0,0
DJ Worrall,3,3,158,171,1,1/43,171,6.49,158,0,0
J Yadav,1,1,24,8,1,1/8,8,2,24,0,0
Yashpal Sharma,42,8,201,199,1,1/27,199,5.94,201,0,0
BE Young,6,5,234,251,1,1/26,251,6.43,234,0,0
Zain Abbas,1,1,36,56,1,1/56,56,9.33,36,0,0
AK Zesers,2,2,90,74,1,1/37,74,4.93,90,0,0
Aarif Sheikh,6,1,12,10,0,0,0,5,0,0,0
S Abrahams,1,1,60,40,0,0,0,4,0,0,0
Abul Hasan,7,7,216,244,0,0,0,6.77,0,0,0
FS Ahangama,1,1,18,23,0,0,0,7.66,0,0,0
Ahmed Shah,1,1,6,12,0,0,0,12,0,0,0
Akram Khan,44,6,117,138,0,0,0,7.07,0,0,0
Aman Ali,1,1,12,22,0,0,0,11,0,0,0
PK Amre,37,1,2,4,0,0,0,12,0,0,0
J Anderson,8,2,30,20,0,0,0,4,0,0,0
Anisur Rahman,2,2,48,68,0,0,0,8.5,0,0,0
Anwar Hossain Monir,1,1,48,45,0,0,0,5.62,0,0,0
Ariful Haque,1,1,18,17,0,0,0,5.66,0,0,0
Asad Shafiq,60,2,12,18,0,0,0,9,0,0,0
Ashfaq Ahmed,3,3,102,84,0,0,0,4.94,0,0,0
Asif Ali,18,1,5,9,0,0,0,10.8,0,0,0
Asif Iqbal,1,1,24,32,0,0,0,8,0,0,0
MS Atapattu,268,2,51,41,0,0,0,4.82,0,0,0
CWJ Athey,31,1,6,10,0,0,0,10,0,0,0
RA Austin,1,1,6,13,0,0,0,13,0,0,0
Babar Hayat,22,1,6,9,0,0,0,9,0,0,0
RJ Bailey,4,1,36,25,0,0,0,4.16,0,0,0
W Barresi,32,3,30,37,0,0,0,7.4,0,0,0
OO Bascome,6,2,18,22,0,0,0,7.33,0,0,0
TC Bastiampillai,13,3,24,31,0,0,0,7.75,0,0,0
Bazid Khan,5,1,12,11,0,0,0,5.5,0,0,0
CA Best,24,2,19,12,0,0,0,3.78,0,0,0
MI Black,5,5,228,196,0,0,0,5.15,0,0,0
J Blackwood,2,1,18,16,0,0,0,5.33,0,0,0
DL Blake,1,1,6,7,0,0,0,7,0,0,0
GH Bodi,2,1,6,8,0,0,0,8,0,0,0
DC Boon,181,7,82,86,0,0,0,6.29,0,0,0
SG Borthwick,2,2,54,72,0,0,0,8,0,0,0
T Bosch,2,2,51,66,0,0,0,7.76,0,0,0
JWHD Boteju,2,2,102,113,0,0,0,6.64,0,0,0
SA Britton,1,1,36,37,0,0,0,6.16,0,0,0
BC Broad,34,1,6,6,0,0,0,6,0,0,0
AD Brown,16,1,6,5,0,0,0,5,0,0,0
CE Bulfin,4,3,102,109,0,0,0,6.41,0,0,0
SF Burger,2,2,66,67,0,0,0,6.09,0,0,0
JD Campbell,6,1,6,13,0,0,0,13,0,0,0
MA Carberry,6,1,6,12,0,0,0,12,0,0,0
KED Carroll,6,1,6,8,0,0,0,8,0,0,0
G Chapple,1,1,24,14,0,0,0,3.5,0,0,0
J Charles,48,1,5,12,0,0,0,14.4,0,0,0
K Christie,1,1,6,18,0,0,0,18,0,0,0
DB Close,3,1,18,21,0,0,0,7,0,0,0
DJ Colley,1,1,66,72,0,0,0,6.54,0,0,0
AN Connolly,1,1,64,62,0,0,0,5.81,0,0,0
JJ Crowe,75,1,6,1,0,0,0,1,0,0,0
CD Cumming,13,1,18,17,0,0,0,5.66,0,0,0
GN de Silva,4,4,194,169,0,0,0,5.22,0,0,0
BJ Diamanti,1,1,12,25,0,0,0,12.5,0,0,0
S Dube,1,1,47,68,0,0,0,8.68,0,0,0
N Dutta,1,1,36,31,0,0,0,5.16,0,0,0
DD Ebrahim,82,2,5,11,0,0,0,13.2,0,0,0
BA Edgar,64,1,12,5,0,0,0,2.5,0,0,0
WJ Edwards,1,1,1,0,0,0,0,0,0,0,0
RR Emrit,2,2,84,99,0,0,0,7.07,0,0,0
MG Erasmus,5,3,96,65,0,0,0,4.06,0,0,0
JJ Esmeijer,6,6,228,208,0,0,0,5.47,0,0,0
Fahim Muntasir,3,3,169,111,0,0,0,3.94,0,0,0
NH Fairbrother,75,1,6,9,0,0,0,9,0,0,0
Faisal Iqbal,18,2,18,33,0,0,0,11,0,0,0
Fayyaz Ahmed,3,3,162,121,0,0,0,4.48,0,0,0
Fazl-e-Akbar,2,2,72,48,0,0,0,4,0,0,0
Fazle Mahmud,2,1,18,16,0,0,0,5.33,0,0,0
AM Fernando,1,1,12,22,0,0,0,11,0,0,0
BOP Fernando,6,1,12,16,0,0,0,8,0,0,0
ADS Fletcher,25,3,28,26,0,0,0,5.57,0,0,0
A Flower,213,2,30,23,0,0,0,4.6,0,0,0
DR Flynn,20,3,24,25,0,0,0,6.25,0,0,0
CR Foggo,4,1,1,2,0,0,0,12,0,0,0
PJ Franks,1,1,54,48,0,0,0,5.33,0,0,0
Frasat Ali,3,3,144,107,0,0,0,4.45,0,0,0
G Gambhir,147,1,6,13,0,0,0,13,0,0,0
D Ganga,35,1,1,4,0,0,0,24,0,0,0
SP Gauchan,1,1,24,15,0,0,0,3.75,0,0,0
TG Gordon,5,2,15,25,0,0,0,10,0,0,0
DI Gower,114,2,5,14,0,0,0,16.8,0,0,0
MJ Greatbatch,84,1,6,5,0,0,0,5,0,0,0
FRMD Gunatilleke,1,1,54,34,0,0,0,3.77,0,0,0
Gurkeerat Singh,3,3,60,68,0,0,0,6.8,0,0,0
Hannan Sarkar,20,1,3,13,0,0,0,26,0,0,0
Hashmatullah Shahidi,39,2,18,25,0,0,0,8.33,0,0,0
ML Hayden,161,1,6,18,0,0,0,18,0,0,0
RL Hayes,1,1,42,31,0,0,0,4.42,0,0,0
DL Haynes,238,1,30,24,0,0,0,4.8,0,0,0
C Hemraj,6,1,7,9,0,0,0,7.71,0,0,0
VR Hogg,2,2,90,49,0,0,0,3.26,0,0,0
DAW Hollis,1,1,42,43,0,0,0,6.14,0,0,0
AC Hudson,89,1,6,3,0,0,0,3,0,0,0
KJ Hughes,97,1,1,4,0,0,0,24,0,0,0
Hussain Talat,1,1,12,16,0,0,0,8,0,0,0
EH Hutchinson,4,3,78,82,0,0,0,6.3,0,0,0
N Ifill,4,3,72,88,0,0,0,7.33,0,0,0
CA Ingram,31,1,6,17,0,0,0,17,0,0,0
Irfan Fazil,1,1,36,46,0,0,0,7.66,0,0,0
Irfan Sajid,1,1,30,23,0,0,0,4.6,0,0,0
Ishtiaq Muhammad,1,1,18,24,0,0,0,8,0,0,0
SS Iyer,12,2,12,15,0,0,0,7.5,0,0,0
Jahangir Alam Talukdar,2,2,42,36,0,0,0,5.14,0,0,0
Jamaluddin Ahmed,1,1,24,28,0,0,0,7,0,0,0
JA Jameson,3,1,12,3,0,0,0,1.5,0,0,0
WS Jayantha,17,6,55,46,0,0,0,5.01,0,0,0
NGRP Jayasuriya,2,2,96,95,0,0,0,5.93,0,0,0
TJ Jenner,1,1,64,28,0,0,0,2.62,0,0,0
Junaid Siddique,54,2,12,13,0,0,0,6.5,0,0,0
Kaleemullah,3,3,90,84,0,0,0,5.6,0,0,0
SMS Kaluperuma,2,1,6,3,0,0,0,3,0,0,0
AL Kandappah,2,1,1,4,0,0,0,24,0,0,0
Karim Janat,1,1,24,31,0,0,0,7.75,0,0,0
FDM Karunaratne,28,2,16,18,0,0,0,6.75,0,0,0
S Kaul,3,3,162,179,0,0,0,6.62,0,0,0
PHT Kaushal,1,1,36,25,0,0,0,4.16,0,0,0
JC Kent,2,2,48,57,0,0,0,7.12,0,0,0
AN Kervezee,39,2,24,34,0,0,0,8.5,0,0,0
S Keshvani,5,2,48,48,0,0,0,6,0,0,0
G Kirsten,185,3,30,23,0,0,0,4.6,0,0,0
CKB Kulasekara,4,4,78,80,0,0,0,6.15,0,0,0
AJ Lamb,122,1,6,3,0,0,0,3,0,0,0
CB Lambert,12,2,72,74,0,0,0,6.16,0,0,0
JPR Lamsam,2,2,36,47,0,0,0,7.83,0,0,0
W Larkins,25,2,15,22,0,0,0,8.8,0,0,0
VVS Laxman,86,4,42,40,0,0,0,5.71,0,0,0
AL Logie,158,4,24,18,0,0,0,4.5,0,0,0
CH Lonsdale,1,1,12,19,0,0,0,9.5,0,0,0
AGR Loudon,1,1,36,36,0,0,0,6,0,0,0
AJ Mackay,3,3,132,137,0,0,0,6.22,0,0,0
ND McKenzie,64,5,46,27,0,0,0,3.52,0,0,0
RS Madugalle,63,1,4,1,0,0,0,1.5,0,0,0
Mafizur Rahman,4,4,66,73,0,0,0,6.63,0,0,0
RS Mahanama,213,2,2,7,0,0,0,21,0,0,0
GI Maiden,7,1,48,38,0,0,0,4.75,0,0,0
GT Main,1,1,30,30,0,0,0,6,0,0,0
AO Malhotra,20,1,6,0,0,0,0,0,0,0,0
Mansoor Rana,2,1,6,7,0,0,0,7,0,0,0
Maqsood Rana,1,1,12,11,0,0,0,5.5,0,0,0
I Maraj,6,1,27,22,0,0,0,4.88,0,0,0
GR Marsh,117,1,6,4,0,0,0,4,0,0,0
XM Marshall,33,2,9,6,0,0,0,4,0,0,0
PS Masvaure,2,1,18,19,0,0,0,6.33,0,0,0
Mazharul Haque,1,1,4,4,0,0,0,6,0,0,0
Mazhar Hussain,7,2,48,60,0,0,0,7.5,0,0,0
GJ McCarter,1,1,48,38,0,0,0,4.75,0,0,0
Mehrab Hossain,18,3,30,42,0,0,0,8.4,0,0,0
MA Meman,1,1,41,34,0,0,0,4.97,0,0,0
BKG Mendis,73,2,20,28,0,0,0,8.4,0,0,0
Misbah-ul-Haq,162,1,24,30,0,0,0,7.5,0,0,0
HS Modi,63,4,19,27,0,0,0,8.52,0,0,0
Mohammad Boota,9,1,12,10,0,0,0,5,0,0,0
Mohammad Nadeem,4,1,18,23,0,0,0,7.66,0,0,0
JN Mohammed,28,8,146,131,0,0,0,5.38,0,0,0
Mohammed Siraj,1,1,60,76,0,0,0,7.6,0,0,0
PJK Mooney,4,4,87,100,0,0,0,6.89,0,0,0
RS Morton,56,1,6,2,0,0,0,2,0,0,0
M Mulla,1,1,60,64,0,0,0,6.4,0,0,0
CT Mumba,2,2,62,67,0,0,0,6.48,0,0,0
Munir Dar,2,2,108,89,0,0,0,4.94,0,0,0
TK Musakanda,15,1,12,11,0,0,0,5.5,0,0,0
Mushtaq Mohammad,10,2,42,23,0,0,0,3.28,0,0,0
Nadeem Khan,2,2,96,81,0,0,0,5.06,0,0,0
Naeem Ahmed,1,1,60,43,0,0,0,4.3,0,0,0
Naeem Ashraf,2,2,42,52,0,0,0,7.42,0,0,0
Najaf Shah,1,1,60,59,0,0,0,5.9,0,0,0
Najibullah Zadran,67,2,30,30,0,0,0,6,0,0,0
Nasir Jamal,16,1,6,7,0,0,0,7,0,0,0
Naved Latif,11,3,48,51,0,0,0,6.37,0,0,0
AM Nayar,3,1,18,17,0,0,0,5.66,0,0,0
MJ North,2,1,18,16,0,0,0,5.33,0,0,0
FN Otieno,4,1,6,2,0,0,0,2,0,0,0
KO Otieno,90,1,6,5,0,0,0,5,0,0,0
C Overton,1,1,42,55,0,0,0,7.85,0,0,0
MB Owens,1,1,48,37,0,0,0,4.62,0,0,0
M Panchal,1,1,30,10,0,0,0,2,0,0,0
GK Pandey,2,2,78,60,0,0,0,4.61,0,0,0
Pankaj Singh,1,1,42,45,0,0,0,6.42,0,0,0
NT Pascal,1,1,24,29,0,0,0,7.25,0,0,0
SP Pasqual,2,1,28,20,0,0,0,4.28,0,0,0
JM Patel,3,2,91,47,0,0,0,3.09,0,0,0
KA Patel,2,2,30,34,0,0,0,6.8,0,0,0
RGM Patel,1,1,60,58,0,0,0,5.8,0,0,0
AK Perera,6,3,36,33,0,0,0,5.5,0,0,0
KG Perera,1,1,12,15,0,0,0,7.5,0,0,0
AN Petersen,21,1,6,7,0,0,0,7,0,0,0
K Pierre,2,2,96,108,0,0,0,6.75,0,0,0
ADJ Pitcher,3,3,79,80,0,0,0,6.07,0,0,0
OL Pitcher,5,1,15,25,0,0,0,10,0,0,0
PI Pocock,1,1,60,20,0,0,0,2,0,0,0
AG Prince,52,1,12,3,0,0,0,1.5,0,0,0
DJ Pringle,2,2,90,55,0,0,0,3.66,0,0,0
Y Punja,1,1,36,49,0,0,0,8.16,0,0,0
M Pushpakumara,3,1,30,21,0,0,0,4.2,0,0,0
Raees Ahmadzai,5,1,24,16,0,0,0,4,0,0,0
LN Rajbanshi,3,1,42,33,0,0,0,4.71,0,0,0
LS Rajput,4,2,42,42,0,0,0,6,0,0,0
Rameez Shahzad,15,1,12,16,0,0,0,8,0,0,0
Rameez Raja,198,1,6,10,0,0,0,10,0,0,0
Raqibul Hasan,2,1,1,4,0,0,0,24,0,0,0
Rashid Zia,2,2,59,69,0,0,0,7.01,0,0,0
D Ravu,8,7,246,230,0,0,0,5.6,0,0,0
JN Rhodes,245,2,14,4,0,0,0,1.71,0,0,0
EB Ringera,1,1,60,28,0,0,0,2.8,0,0,0
CP Rizwan,7,1,4,10,0,0,0,15,0,0,0
Rizwan Ahmed,1,1,24,26,0,0,0,6.5,0,0,0
SJ Roberts,2,2,42,47,0,0,0,6.71,0,0,0
JA Rudolph,45,1,24,26,0,0,0,6.5,0,0,0
Saad Nasim,3,2,36,46,0,0,0,7.66,0,0,0
Saeed-al-Saffar,1,1,18,25,0,0,0,8.33,0,0,0
Saleem Elahi,48,1,6,10,0,0,0,10,0,0,0
Salman Butt,78,6,69,90,0,0,0,7.82,0,0,0
Salman Farooq,1,1,36,23,0,0,0,3.83,0,0,0
MAR Samarasekera,39,11,338,291,0,0,0,5.16,0,0,0
Samiullah Khan,2,2,120,115,0,0,0,5.75,0,0,0
Samiur Rahman,2,2,60,30,0,0,0,3,0,0,0
Sami Faridi,3,3,60,63,0,0,0,6.3,0,0,0
Sarfaraz Ahmed,116,1,12,15,0,0,0,7.5,0,0,0
GR Sealy,3,1,36,21,0,0,0,3.5,0,0,0
RD Shah,56,4,60,72,0,0,0,7.2,0,0,0
A Shamshudeen,1,1,18,24,0,0,0,8,0,0,0
Shamsur Rahman,10,1,6,13,0,0,0,13,0,0,0
Shariful Haque,1,1,18,21,0,0,0,7,0,0,0
KV Sharma,2,2,114,125,0,0,0,6.57,0,0,0
S Shivnarine,1,1,18,16,0,0,0,5.33,0,0,0
DJM Short,4,3,42,59,0,0,0,8.42,0,0,0
Shuvagata Hom,4,1,12,9,0,0,0,4.5,0,0,0
NS Sidhu,136,2,4,3,0,0,0,4.5,0,0,0
EHSN Silva,1,1,42,33,0,0,0,4.71,0,0,0
KJ Silva,1,1,48,55,0,0,0,6.87,0,0,0
RW Sims,3,3,132,127,0,0,0,5.77,0,0,0
VRV Singh,2,2,72,105,0,0,0,8.75,0,0,0
Skhawat Ali,4,1,48,68,0,0,0,8.5,0,0,0
MJ Slater,42,2,12,11,0,0,0,5.5,0,0,0
DS Smith,47,2,17,17,0,0,0,6,0,0,0
M Smith,1,1,12,14,0,0,0,7,0,0,0
SB Smith,28,2,7,5,0,0,0,4.28,0,0,0
Sohail Fazal,2,1,6,4,0,0,0,4,0,0,0
CM Spearman,51,1,3,6,0,0,0,12,0,0,0
IM Stanger,5,2,54,56,0,0,0,6.22,0,0,0
MP Stead,2,2,29,24,0,0,0,4.96,0,0,0
DS Steele,1,1,6,9,0,0,0,9,0,0,0
AJ Strauss,127,1,6,3,0,0,0,3,0,0,0
Sultan Ahmed,2,2,72,58,0,0,0,4.83,0,0,0
Tamim Iqbal,204,2,6,13,0,0,0,13,0,0,0
Tanbir Hayder,2,2,60,67,0,0,0,6.7,0,0,0
CJ Tavare,29,1,12,3,0,0,0,1.5,0,0,0
JP Taylor,1,1,18,20,0,0,0,6.66,0,0,0
LB Taylor,2,2,84,47,0,0,0,3.35,0,0,0
LRPL Taylor,228,4,42,35,0,0,0,5,0,0,0
EP Thompson,1,1,24,42,0,0,0,10.5,0,0,0
LO Tikolo,3,3,48,55,0,0,0,6.87,0,0,0
GS Trimble,2,1,24,32,0,0,0,8,0,0,0
GM Turner,41,1,6,0,0,0,0,0,0,0,0
Umar Amin,16,3,42,24,0,0,0,3.42,0,0,0
TP Ura,26,1,6,12,0,0,0,12,0,0,0
Usman Mushtaq,1,1,12,9,0,0,0,4.5,0,0,0
RV Uthappa,46,1,2,0,0,0,0,0,0,0,0
CJPG van Zyl,2,2,108,93,0,0,0,5.16,0,0,0
JCB Vaughan,3,2,66,36,0,0,0,3.27,0,0,0
DB Vengsarkar,129,1,6,4,0,0,0,4,0,0,0
KDK Vithanage,6,2,12,17,0,0,0,8.5,0,0,0
Wahidul Gani,1,1,36,32,0,0,0,5.33,0,0,0
Waqas Barkat,10,4,90,75,0,0,0,5,0,0,0
DA Warner,116,1,6,8,0,0,0,8,0,0,0
SR Waters,20,1,18,14,0,0,0,4.66,0,0,0
M Watkinson,1,1,54,43,0,0,0,4.77,0,0,0
AP Weerakkody,1,1,36,41,0,0,0,6.83,0,0,0
SR Welsh,3,3,120,147,0,0,0,7.35,0,0,0
JM Wiener,7,2,24,34,0,0,0,8.5,0,0,0
CB Wishart,90,1,12,12,0,0,0,6,0,0,0
WA Wisneski,3,3,114,123,0,0,0,6.47,0,0,0
GH Worker,10,1,6,5,0,0,0,5,0,0,0
JG Wright,149,3,24,8,0,0,0,2,0,0,0
Yasir Hameed,56,3,18,26,0,0,0,8.66,0,0,0
Zakir Hasan,1,1,12,17,0,0,0,8.5,0,0,0
Zakir Hossain,1,1,24,18,0,0,0,4.5,0,0,0
Zakiullah Zaki,1,1,24,27,0,0,0,6.75,0,0,0
C Zhuwao,9,2,19,21,0,0,0,6.63,0,0,0